locus_tag, sites, diversity
ECB_00002,820,0.0573170731707
ECB_00003,310,0.0741935483871
ECB_00004,428,0.0630841121495
ECB_00006,258,0.139534883721
ECB_00007,476,0.237394957983
ECB_00008,317,0.0567823343849
ECB_00009,196,0.0969387755102
ECB_00010,188,0.0957446808511
ECB_00013,134,0.179104477612
ECB_00014,638,0.0313479623824
ECB_00015,379,0.0448548812665
ECB_00018,388,0.0721649484536
ECB_00019,301,0.0863787375415
ECB_00027,87,0.0229885057471
ECB_00028,72,0.291666666667
ECB_00029,313,0.111821086262
ECB_00030,945,0.131216931217
ECB_00031,166,0.0963855421687
ECB_00032,149,0.0805369127517
ECB_00033,316,0.0632911392405
ECB_00034,306,0.222222222222
ECB_00035,273,0.102564102564
ECB_00036,382,0.0523560209424
ECB_00037,1075,0.0213953488372
ECB_00038,131,0.236641221374
ECB_00039,198,0.161616161616
ECB_00040,297,0.178451178451
ECB_00041,522,0.166666666667
ECB_00043,380,0.0236842105263
ECB_00044,505,0.0376237623762
ECB_00045,256,0.12109375
ECB_00046,313,0.156549520767
ECB_00047,428,0.119158878505
ECB_00048,95,0.115789473684
ECB_00049,446,0.150224215247
ECB_00050,176,0.125
ECB_00051,620,0.0967741935484
ECB_00052,159,0.0314465408805
ECB_00053,282,0.0780141843972
ECB_00054,125,0.056
ECB_00055,273,0.0549450549451
ECB_00056,329,0.0729483282675
ECB_00057,428,0.0864485981308
ECB_00058,786,0.089058524173
ECB_00059,271,0.0479704797048
ECB_00060,219,0.0456621004566
ECB_00061,968,0.0692148760331
ECB_00062,783,0.0996168582375
ECB_00063,231,0.04329004329
ECB_00064,500,0.046
ECB_00065,569,0.0984182776801
ECB_00066,292,0.109589041096
ECB_00067,255,0.121568627451
ECB_00068,235,0.16170212766
ECB_00069,536,0.100746268657
ECB_00070,327,0.085626911315
ECB_00071,552,0.141304347826
ECB_00073,201,0.0845771144279
ECB_00074,466,0.0536480686695
ECB_00075,363,0.0550964187328
ECB_00076,523,0.0707456978967
ECB_00078,314,0.127388535032
ECB_00079,574,0.114982578397
ECB_00080,163,0.0245398773006
ECB_00081,334,0.0119760479042
ECB_00082,152,0.0526315789474
ECB_00083,313,0.0415335463259
ECB_00084,121,0.0165289256198
ECB_00086,495,0.0808080808081
ECB_00087,452,0.12389380531
ECB_00088,360,0.0222222222222
ECB_00089,438,0.0753424657534
ECB_00090,414,0.0990338164251
ECB_00091,355,0.0816901408451
ECB_00092,491,0.0529531568228
ECB_00093,306,0.0980392156863
ECB_00094,277,0.0649819494585
ECB_00095,420,0.0047619047619
ECB_00096,383,0.0130548302872
ECB_00097,305,0.016393442623
ECB_00098,170,0.276470588235
ECB_00099,901,0.0499445061043
ECB_00100,131,0.213740458015
ECB_00101,65,0.169230769231
ECB_00102,247,0.105263157895
ECB_00103,206,0.111650485437
ECB_00104,347,0.0518731988473
ECB_00105,400,0.3225
ECB_00106,461,0.303687635575
ECB_00107,146,0.109589041096
ECB_00108,297,0.138047138047
ECB_00109,187,0.122994652406
ECB_00110,284,0.151408450704
ECB_00111,457,0.0787746170678
ECB_00112,254,0.0314960629921
ECB_00113,887,0.0383314543405
ECB_00114,630,0.0666666666667
ECB_00115,474,0.0147679324895
ECB_00116,637,0.480376766091
ECB_00117,865,0.0335260115607
ECB_00118,120,0.15
ECB_00119,264,0.0340909090909
ECB_00120,288,0.0590277777778
ECB_00121,115,0.0434782608696
ECB_00122,536,0.186567164179
ECB_00123,796,0.0741206030151
ECB_00124,178,0.0393258426966
ECB_00125,220,0.1
ECB_00126,308,0.0487012987013
ECB_00127,256,0.05859375
ECB_00128,146,0.22602739726
ECB_00129,409,0.180929095355
ECB_00130,126,0.0396825396825
ECB_00132,284,0.12676056338
ECB_00133,264,0.0871212121212
ECB_00141,159,0.169811320755
ECB_00142,472,0.129237288136
ECB_00143,308,0.220779220779
ECB_00144,151,0.0132450331126
ECB_00145,234,0.175213675214
ECB_00146,176,0.232954545455
ECB_00147,824,0.166262135922
ECB_00148,847,0.0779220779221
ECB_00149,754,0.26525198939
ECB_00150,265,0.0754716981132
ECB_00151,296,0.179054054054
ECB_00152,685,0.134306569343
ECB_00153,426,0.0281690140845
ECB_00154,473,0.219873150106
ECB_00156,207,0.0386473429952
ECB_00157,266,0.191729323308
ECB_00158,232,0.0387931034483
ECB_00159,505,0.112871287129
ECB_00160,475,0.0715789473684
ECB_00161,385,0.0415584415584
ECB_00162,128,0.046875
ECB_00164,274,0.029197080292
ECB_00165,890,0.0685393258427
ECB_00166,264,0.106060606061
ECB_00167,241,0.0248962655602
ECB_00168,283,0.0353356890459
ECB_00169,241,0.0165975103734
ECB_00170,185,0.0594594594595
ECB_00171,398,0.113065326633
ECB_00172,253,0.0671936758893
ECB_00173,285,0.0421052631579
ECB_00174,450,0.117777777778
ECB_00175,811,0.0702836004932
ECB_00176,161,0.0931677018634
ECB_00177,341,0.0469208211144
ECB_00178,151,0.00662251655629
ECB_00179,262,0.0648854961832
ECB_00180,382,0.0549738219895
ECB_00181,198,0.0656565656566
ECB_00182,1160,0.0318965517241
ECB_00183,319,0.025078369906
ECB_00185,129,0.116279069767
ECB_00186,433,0.235565819861
ECB_00187,86,0.209302325581
ECB_00188,72,0.152777777778
ECB_00189,181,0.110497237569
ECB_00190,140,0.157142857143
ECB_00193,572,0.0437062937063
ECB_00194,235,0.110638297872
ECB_00195,134,0.089552238806
ECB_00196,271,0.029520295203
ECB_00197,217,0.0691244239631
ECB_00198,343,0.0437317784257
ECB_00199,190,0.0578947368421
ECB_00200,267,0.0786516853933
ECB_00201,304,0.0953947368421
ECB_00202,266,0.0563909774436
ECB_00203,256,0.421875
ECB_00204,455,0.0857142857143
ECB_00205,251,0.215139442231
ECB_00206,240,0.141666666667
ECB_00207,155,0.0709677419355
ECB_00208,243,0.0658436213992
ECB_00214,256,0.18359375
ECB_00216,814,0.0454545454545
ECB_00217,192,0.0260416666667
ECB_00218,255,0.0666666666667
ECB_00219,246,0.0934959349593
ECB_00220,92,0.228260869565
ECB_00221,86,0.151162790698
ECB_00226,351,0.0883190883191
ECB_00229,158,0.677215189873
ECB_00231,204,0.338235294118
ECB_00232,485,0.0701030927835
ECB_00233,152,0.0197368421053
ECB_00234,414,0.1038647343
ECB_00235,133,0.157894736842
ECB_00238,351,0.131054131054
ECB_00239,367,0.0326975476839
ECB_00240,417,0.139088729017
ECB_00247,134,0.39552238806
ECB_00255,87,0.264367816092
ECB_00257,288,0.673611111111
ECB_00258,197,0.208121827411
ECB_00259,78,0.448717948718
ECB_00260,441,0.256235827664
ECB_00261,284,0.288732394366
ECB_00283,223,0.183856502242
ECB_00284,91,0.274725274725
ECB_00285,547,0.228519195612
ECB_00286,296,0.10472972973
ECB_00287,389,0.0359897172237
ECB_00288,483,0.0579710144928
ECB_00289,628,0.0987261146497
ECB_00290,421,0.180522565321
ECB_00291,427,0.170960187354
ECB_00301,567,0.770723104056
ECB_00308,179,0.134078212291
ECB_00310,372,0.19623655914
ECB_00311,91,0.472527472527
ECB_00319,324,0.0648148148148
ECB_00321,982,0.145621181263
ECB_00322,222,0.342342342342
ECB_00323,385,0.0857142857143
ECB_00324,406,0.076354679803
ECB_00325,364,0.148351648352
ECB_00326,102,0.137254901961
ECB_00327,71,0.169014084507
ECB_00328,364,0.101648351648
ECB_00329,86,0.151162790698
ECB_00331,106,0.103773584906
ECB_00332,371,0.247978436658
ECB_00333,269,0.0483271375465
ECB_00334,152,0.111842105263
ECB_00335,181,0.309392265193
ECB_00336,63,0.0793650793651
ECB_00337,225,0.222222222222
ECB_00338,94,0.13829787234
ECB_00342,303,0.0693069306931
ECB_00343,302,0.119205298013
ECB_00344,394,0.162436548223
ECB_00345,1048,0.293893129771
ECB_00346,400,0.16
ECB_00347,229,0.0436681222707
ECB_00348,431,0.0881670533643
ECB_00349,439,0.0523917995444
ECB_00350,457,0.0459518599562
ECB_00351,606,0.173267326733
ECB_00353,356,0.064606741573
ECB_00354,375,0.0213333333333
ECB_00355,110,0.00909090909091
ECB_00356,615,0.0487804878049
ECB_00357,323,0.046439628483
ECB_00358,115,0.0347826086957
ECB_00359,295,0.271186440678
ECB_00360,179,0.279329608939
ECB_00361,149,0.0402684563758
ECB_00362,367,0.100817438692
ECB_00363,156,0.0897435897436
ECB_00364,139,0.0287769784173
ECB_00365,325,0.12
ECB_00366,172,0.0523255813953
ECB_00367,324,0.0740740740741
ECB_00368,620,0.0403225806452
ECB_00369,299,0.0969899665552
ECB_00370,80,0.1
ECB_00371,482,0.0373443983402
ECB_00372,196,0.0561224489796
ECB_00373,303,0.128712871287
ECB_00374,163,0.0981595092025
ECB_00379,296,0.0405405405405
ECB_00380,109,0.0642201834862
ECB_00381,204,0.0392156862745
ECB_00382,663,0.0422322775264
ECB_00383,318,0.0503144654088
ECB_00384,491,0.0936863543788
ECB_00385,192,0.114583333333
ECB_00386,105,0.0761904761905
ECB_00387,432,0.0486111111111
ECB_00388,207,0.00966183574879
ECB_00389,424,0.0165094339623
ECB_00391,784,0.00637755102041
ECB_00392,90,0.0111111111111
ECB_00393,623,0.118780096308
ECB_00394,124,0.177419354839
ECB_00395,132,0.0530303030303
ECB_00396,231,0.0606060606061
ECB_00397,566,0.210247349823
ECB_00398,272,0.183823529412
ECB_00399,152,0.0460526315789
ECB_00400,590,0.108474576271
ECB_00401,593,0.119730185497
ECB_00402,112,0.0357142857143
ECB_00403,428,0.0817757009346
ECB_00404,286,0.0804195804196
ECB_00405,190,0.110526315789
ECB_00406,129,0.170542635659
ECB_00408,516,0.325581395349
ECB_00409,156,0.198717948718
ECB_00410,183,0.207650273224
ECB_00411,72,0.0138888888889
ECB_00412,124,0.0483870967742
ECB_00414,397,0.0831234256927
ECB_00415,217,0.138248847926
ECB_00416,1120,0.108928571429
ECB_00417,55,0.254545454545
ECB_00418,175,0.285714285714
ECB_00419,125,0.16
ECB_00420,183,0.0491803278689
ECB_00421,643,0.0793157076205
ECB_00422,109,0.0
ECB_00423,201,0.0398009950249
ECB_00425,214,0.0373831775701
ECB_00426,320,0.10625
ECB_00427,323,0.266253869969
ECB_00428,434,0.0576036866359
ECB_00429,558,0.0537634408602
ECB_00430,406,0.0689655172414
ECB_00431,550,0.125454545455
ECB_00432,159,0.0943396226415
ECB_00433,264,0.337121212121
ECB_00435,834,0.0707434052758
ECB_00438,138,0.108695652174
ECB_00439,152,0.164473684211
ECB_00440,305,0.055737704918
ECB_00441,225,0.248888888889
ECB_00442,259,0.119691119691
ECB_00443,284,0.0528169014085
ECB_00444,269,0.14126394052
ECB_00445,208,0.125
ECB_00446,228,0.0745614035088
ECB_00447,804,0.120646766169
ECB_00453,364,0.21978021978
ECB_00454,308,0.136363636364
ECB_00455,160,0.14375
ECB_00456,272,0.102941176471
ECB_00457,593,0.035413153457
ECB_00458,258,0.158914728682
ECB_00459,292,0.0856164383562
ECB_00461,484,0.165289256198
ECB_00462,453,0.0640176600442
ECB_00463,433,0.214780600462
ECB_00464,382,0.196335078534
ECB_00465,261,0.0689655172414
ECB_00466,411,0.111922141119
ECB_00467,349,0.134670487106
ECB_00468,555,0.163963963964
ECB_00469,419,0.0620525059666
ECB_00470,271,0.416974169742
ECB_00471,297,0.127946127946
ECB_00472,355,0.121126760563
ECB_00473,169,0.0473372781065
ECB_00474,240,0.1625
ECB_00475,164,0.0243902439024
ECB_00476,461,0.0542299349241
ECB_00477,181,0.198895027624
ECB_00478,70,0.0714285714286
ECB_00479,288,0.0486111111111
ECB_00480,185,0.351351351351
ECB_00481,230,0.386956521739
ECB_00483,335,0.319402985075
ECB_00484,173,0.433526011561
ECB_00485,210,0.280952380952
ECB_00493,112,0.428571428571
ECB_00495,186,0.413978494624
ECB_00496,265,0.667924528302
ECB_00510,64,0.578125
ECB_00537,464,0.0754310344828
ECB_00538,415,0.118072289157
ECB_00539,217,0.119815668203
ECB_00540,122,0.254098360656
ECB_00541,82,0.158536585366
ECB_00542,372,0.155913978495
ECB_00549,237,0.523206751055
ECB_00551,405,0.316049382716
ECB_00552,72,0.333333333333
ECB_00553,1294,0.207109737249
ECB_00554,379,0.271767810026
ECB_00555,271,0.107011070111
ECB_00556,330,0.136363636364
ECB_00557,335,0.122388059701
ECB_00558,416,0.105769230769
ECB_00559,318,0.201257861635
ECB_00560,391,0.156010230179
ECB_00561,536,0.141791044776
ECB_00562,285,0.115789473684
ECB_00563,251,0.111553784861
ECB_00564,137,0.0875912408759
ECB_00566,65,0.0923076923077
ECB_00567,362,0.17679558011
ECB_00568,386,0.145077720207
ECB_00569,209,0.239234449761
ECB_00570,411,0.289537712895
ECB_00573,253,0.213438735178
ECB_00574,187,0.0160427807487
ECB_00575,521,0.0460652591171
ECB_00576,142,0.105633802817
ECB_00577,412,0.0849514563107
ECB_00578,136,0.0882352941176
ECB_00579,268,0.268656716418
ECB_00580,487,0.0513347022587
ECB_00581,298,0.244966442953
ECB_00582,183,0.262295081967
ECB_00584,302,0.046357615894
ECB_00585,98,0.0918367346939
ECB_00586,358,0.145251396648
ECB_00589,553,0.130198915009
ECB_00590,226,0.159292035398
ECB_00591,461,0.0737527114967
ECB_00592,190,0.263157894737
ECB_00593,69,0.0144927536232
ECB_00594,127,0.0944881889764
ECB_00595,262,0.270992366412
ECB_00596,67,0.119402985075
ECB_00597,321,0.0280373831776
ECB_00598,317,0.312302839117
ECB_00600,87,0.0229885057471
ECB_00601,403,0.0496277915633
ECB_00602,381,0.196850393701
ECB_00603,370,0.0189189189189
ECB_00605,155,0.0129032258065
ECB_00606,105,0.0285714285714
ECB_00607,203,0.261083743842
ECB_00608,213,0.145539906103
ECB_00609,343,0.104956268222
ECB_00610,196,0.209183673469
ECB_00611,860,0.046511627907
ECB_00612,160,0.0875
ECB_00615,496,0.596774193548
ECB_00616,559,0.1771019678
ECB_00617,311,0.0739549839228
ECB_00621,224,0.0491071428571
ECB_00622,246,0.0528455284553
ECB_00623,308,0.0811688311688
ECB_00625,512,0.1171875
ECB_00626,292,0.027397260274
ECB_00627,157,0.15923566879
ECB_00628,361,0.0664819944598
ECB_00629,474,0.0168776371308
ECB_00630,391,0.143222506394
ECB_00631,554,0.0541516245487
ECB_00632,250,0.032
ECB_00633,406,0.0566502463054
ECB_00634,384,0.0859375
ECB_00635,266,0.0451127819549
ECB_00636,650,0.0692307692308
ECB_00637,555,0.0396396396396
ECB_00638,468,0.0876068376068
ECB_00639,110,0.181818181818
ECB_00640,150,0.0266666666667
ECB_00641,176,0.0227272727273
ECB_00642,97,0.0927835051546
ECB_00643,256,0.11328125
ECB_00644,181,0.121546961326
ECB_00645,546,0.025641025641
ECB_00648,439,0.0592255125285
ECB_00651,225,0.0844444444444
ECB_00652,895,0.105027932961
ECB_00653,194,0.257731958763
ECB_00654,682,0.08357771261
ECB_00655,559,0.150268336315
ECB_00657,68,0.176470588235
ECB_00668,474,0.208860759494
ECB_00669,493,0.113590263692
ECB_00670,247,0.0323886639676
ECB_00671,218,0.133027522936
ECB_00672,310,0.151612903226
ECB_00673,244,0.184426229508
ECB_00674,263,0.125475285171
ECB_00675,348,0.192528735632
ECB_00680,427,0.0374707259953
ECB_00681,129,0.077519379845
ECB_00682,115,0.0521739130435
ECB_00683,588,0.0204081632653
ECB_00684,239,0.0376569037657
ECB_00685,933,0.0525187566988
ECB_00686,405,0.0395061728395
ECB_00687,388,0.0154639175258
ECB_00688,289,0.0484429065744
ECB_00693,379,0.0791556728232
ECB_00695,97,0.175257731959
ECB_00696,134,0.0746268656716
ECB_00697,230,0.0173913043478
ECB_00698,142,0.147887323944
ECB_00699,427,0.302107728337
ECB_00700,430,0.0441860465116
ECB_00701,175,0.04
ECB_00702,263,0.0950570342205
ECB_00703,347,0.112391930836
ECB_00704,239,0.112970711297
ECB_00705,313,0.14696485623
ECB_00706,128,0.21875
ECB_00707,350,0.0514285714286
ECB_00708,250,0.016
ECB_00709,346,0.121387283237
ECB_00710,382,0.0942408376963
ECB_00711,348,0.0689655172414
ECB_00712,338,0.0414201183432
ECB_00713,491,0.124236252546
ECB_00714,262,0.106870229008
ECB_00716,257,0.132295719844
ECB_00717,229,0.0480349344978
ECB_00718,352,0.0823863636364
ECB_00719,272,0.158088235294
ECB_00720,331,0.0845921450151
ECB_00725,427,0.131147540984
ECB_00740,158,0.0632911392405
ECB_00741,429,0.137529137529
ECB_00742,346,0.0549132947977
ECB_00743,385,0.194805194805
ECB_00744,251,0.294820717131
ECB_00745,228,0.254385964912
ECB_00746,673,0.0416047548291
ECB_00747,302,0.0860927152318
ECB_00748,329,0.0699088145897
ECB_00749,170,0.0470588235294
ECB_00750,161,0.055900621118
ECB_00751,81,0.123456790123
ECB_00752,150,0.0866666666667
ECB_00753,234,0.128205128205
ECB_00754,237,0.73417721519
ECB_00755,320,0.115625
ECB_00756,413,0.140435835351
ECB_00757,253,0.138339920949
ECB_00758,136,0.154411764706
ECB_00759,368,0.0461956521739
ECB_00760,377,0.0663129973475
ECB_00761,578,0.0882352941176
ECB_00762,332,0.120481927711
ECB_00763,224,0.151785714286
ECB_00764,460,0.104347826087
ECB_00766,717,0.0836820083682
ECB_00767,324,0.157407407407
ECB_00769,86,0.197674418605
ECB_00770,88,0.193181818182
ECB_00774,308,0.159090909091
ECB_00775,742,0.142857142857
ECB_00776,240,0.0416666666667
ECB_00777,219,0.0365296803653
ECB_00778,248,0.0322580645161
ECB_00779,167,0.0479041916168
ECB_00780,295,0.105084745763
ECB_00781,171,0.0877192982456
ECB_00782,527,0.157495256167
ECB_00784,157,0.101910828025
ECB_00785,372,0.172043010753
ECB_00786,306,0.0751633986928
ECB_00787,530,0.0301886792453
ECB_00788,421,0.149643705463
ECB_00790,810,0.0407407407407
ECB_00791,308,0.142857142857
ECB_00793,249,0.100401606426
ECB_00794,411,0.131386861314
ECB_00795,321,0.13707165109
ECB_00796,623,0.173354735152
ECB_00797,512,0.126953125
ECB_00798,306,0.0947712418301
ECB_00799,303,0.0858085808581
ECB_00802,441,0.0272108843537
ECB_00803,127,0.236220472441
ECB_00805,208,0.173076923077
ECB_00806,400,0.0775
ECB_00807,252,0.166666666667
ECB_00808,202,0.217821782178
ECB_00809,410,0.10243902439
ECB_00811,271,0.169741697417
ECB_00812,403,0.124069478908
ECB_00813,206,0.320388349515
ECB_00814,115,0.486956521739
ECB_00815,342,0.508771929825
ECB_00821,113,0.150442477876
ECB_00823,75,0.106666666667
ECB_00824,287,0.282229965157
ECB_00825,809,0.132262051916
ECB_00826,62,0.0322580645161
ECB_00827,101,0.019801980198
ECB_00832,346,0.170520231214
ECB_00834,277,0.238267148014
ECB_00836,142,0.169014084507
ECB_00837,96,0.21875
ECB_00839,148,0.141891891892
ECB_00844,201,0.0696517412935
ECB_00846,148,0.581081081081
ECB_00851,83,0.409638554217
ECB_00852,561,0.0356506238859
ECB_00853,125,0.264
ECB_00854,87,0.229885057471
ECB_00855,96,0.40625
ECB_00856,240,0.120833333333
ECB_00857,300,0.0966666666667
ECB_00858,158,0.151898734177
ECB_00859,370,0.0567567567568
ECB_00860,377,0.0636604774536
ECB_00861,317,0.0757097791798
ECB_00862,281,0.0604982206406
ECB_00863,162,0.228395061728
ECB_00864,376,0.119680851064
ECB_00865,243,0.0905349794239
ECB_00866,222,0.0540540540541
ECB_00867,238,0.0588235294118
ECB_00868,243,0.0493827160494
ECB_00869,242,0.0495867768595
ECB_00870,171,0.157894736842
ECB_00871,107,0.0560747663551
ECB_00872,276,0.195652173913
ECB_00873,337,0.0682492581602
ECB_00874,477,0.159329140461
ECB_00875,333,0.117117117117
ECB_00876,572,0.0594405594406
ECB_00877,323,0.102167182663
ECB_00878,550,0.0363636363636
ECB_00879,299,0.110367892977
ECB_00881,552,0.103260869565
ECB_00882,330,0.439393939394
ECB_00883,372,0.172043010753
ECB_00884,648,0.168209876543
ECB_00885,74,0.0945945945946
ECB_00886,106,0.0283018867925
ECB_00887,758,0.0936675461741
ECB_00888,72,0.0
ECB_00889,234,0.175213675214
ECB_00890,573,0.13612565445
ECB_00891,588,0.093537414966
ECB_00892,322,0.0403726708075
ECB_00893,164,0.00609756097561
ECB_00894,1384,0.185693641618
ECB_00895,204,0.0588235294118
ECB_00896,447,0.0268456375839
ECB_00897,430,0.0232558139535
ECB_00900,287,0.108013937282
ECB_00902,382,0.11780104712
ECB_00903,476,0.0798319327731
ECB_00906,265,0.0943396226415
ECB_00908,285,0.0421052631579
ECB_00909,586,0.0682593856655
ECB_00910,230,0.139130434783
ECB_00911,362,0.104972375691
ECB_00912,427,0.107728337237
ECB_00913,255,0.301960784314
ECB_00914,227,0.0264317180617
ECB_00915,557,0.00538599640934
ECB_00916,94,0.0106382978723
ECB_00917,754,0.299734748011
ECB_00918,582,0.0360824742268
ECB_00919,328,0.185975609756
ECB_00920,410,0.229268292683
ECB_00921,60,0.0666666666667
ECB_00922,248,0.0604838709677
ECB_00923,297,0.0909090909091
ECB_00924,259,0.111969111969
ECB_00925,267,0.153558052434
ECB_00926,440,0.0181818181818
ECB_00927,234,0.042735042735
ECB_00928,1488,0.0537634408602
ECB_00929,616,0.155844155844
ECB_00930,182,0.0494505494505
ECB_00931,215,0.0837209302326
ECB_00932,396,0.040404040404
ECB_00934,466,0.0557939914163
ECB_00935,400,0.0925
ECB_00936,870,0.0563218390805
ECB_00946,191,0.623036649215
ECB_00947,174,0.614942528736
ECB_00948,244,0.606557377049
ECB_00949,336,0.0535714285714
ECB_00950,180,0.1
ECB_00951,369,0.138211382114
ECB_00952,702,0.0797720797721
ECB_00953,635,0.0582677165354
ECB_00954,417,0.103117505995
ECB_00955,546,0.108058608059
ECB_00956,187,0.187165775401
ECB_00957,55,0.0727272727273
ECB_00958,172,0.0116279069767
ECB_00959,586,0.141638225256
ECB_00960,150,0.106666666667
ECB_00961,350,0.0714285714286
ECB_00962,169,0.224852071006
ECB_00963,209,0.277511961722
ECB_00964,722,0.126038781163
ECB_00965,148,0.0743243243243
ECB_00966,684,0.16081871345
ECB_00967,152,0.0526315789474
ECB_00968,220,0.154545454545
ECB_00969,138,0.0942028985507
ECB_00970,105,0.0761904761905
ECB_00971,403,0.151364764268
ECB_00972,93,0.225806451613
ECB_00973,109,0.0917431192661
ECB_00974,219,0.0547945205479
ECB_00975,372,0.0779569892473
ECB_00977,243,0.213991769547
ECB_00978,198,0.156565656566
ECB_00979,134,0.298507462687
ECB_00980,285,0.263157894737
ECB_00982,378,0.198412698413
ECB_00991,70,0.185714285714
ECB_00996,916,0.383187772926
ECB_00997,346,0.341040462428
ECB_00998,230,0.186956521739
ECB_00999,394,0.111675126904
ECB_01000,850,0.105882352941
ECB_01001,211,0.407582938389
ECB_01002,101,0.257425742574
ECB_01003,306,0.117647058824
ECB_01005,413,0.169491525424
ECB_01006,75,0.106666666667
ECB_01007,198,0.0555555555556
ECB_01016,212,0.174528301887
ECB_01018,502,0.0577689243028
ECB_01030,312,0.221153846154
ECB_01031,245,0.102040816327
ECB_01032,184,0.146739130435
ECB_01033,182,0.225274725275
ECB_01034,277,0.0397111913357
ECB_01035,138,0.101449275362
ECB_01036,131,0.0992366412214
ECB_01037,216,0.0787037037037
ECB_01038,151,0.17880794702
ECB_01039,151,0.251655629139
ECB_01040,110,0.281818181818
ECB_01041,106,0.603773584906
ECB_01042,179,0.245810055866
ECB_01044,385,0.181818181818
ECB_01045,511,0.0626223091977
ECB_01046,847,0.060212514758
ECB_01047,75,0.12
ECB_01048,124,0.0725806451613
ECB_01049,408,0.107843137255
ECB_01050,306,0.16339869281
ECB_01051,350,0.114285714286
ECB_01052,191,0.0890052356021
ECB_01053,190,0.236842105263
ECB_01055,373,0.1581769437
ECB_01057,81,0.148148148148
ECB_01058,348,0.112068965517
ECB_01059,186,0.118279569892
ECB_01060,215,0.139534883721
ECB_01061,402,0.0771144278607
ECB_01062,194,0.0463917525773
ECB_01063,215,0.139534883721
ECB_01064,307,0.182410423453
ECB_01065,524,0.0820610687023
ECB_01066,140,0.2
ECB_01067,97,0.19587628866
ECB_01068,219,0.287671232877
ECB_01069,138,0.195652173913
ECB_01070,134,0.0597014925373
ECB_01071,232,0.150862068966
ECB_01072,403,0.116625310174
ECB_01073,251,0.131474103586
ECB_01074,260,0.00769230769231
ECB_01075,232,0.0905172413793
ECB_01076,365,0.0767123287671
ECB_01077,316,0.167721518987
ECB_01078,554,0.205776173285
ECB_01079,317,0.170347003155
ECB_01080,1075,0.180465116279
ECB_01082,319,0.025078369906
ECB_01083,194,0.128865979381
ECB_01084,173,0.0346820809249
ECB_01085,57,0.0
ECB_01086,359,0.0612813370474
ECB_01087,317,0.0567823343849
ECB_01088,309,0.0679611650485
ECB_01089,244,0.0450819672131
ECB_01090,78,0.0
ECB_01091,413,0.0556900726392
ECB_01092,269,0.304832713755
ECB_01093,340,0.141176470588
ECB_01094,213,0.0985915492958
ECB_01095,334,0.212574850299
ECB_01096,265,0.0679245283019
ECB_01097,477,0.0272536687631
ECB_01098,731,0.187414500684
ECB_01099,119,0.0168067226891
ECB_01100,125,0.184
ECB_01101,213,0.107981220657
ECB_01102,274,0.346715328467
ECB_01103,341,0.0821114369501
ECB_01104,180,0.0611111111111
ECB_01105,434,0.0276497695853
ECB_01106,179,0.0502793296089
ECB_01107,211,0.203791469194
ECB_01108,85,0.0823529411765
ECB_01109,321,0.155763239875
ECB_01110,1148,0.0479094076655
ECB_01113,233,0.0429184549356
ECB_01114,414,0.0748792270531
ECB_01118,279,0.10752688172
ECB_01121,348,0.0603448275862
ECB_01122,264,0.0530303030303
ECB_01123,287,0.0801393728223
ECB_01124,378,0.0582010582011
ECB_01125,409,0.0635696821516
ECB_01126,373,0.0643431635389
ECB_01127,487,0.141683778234
ECB_01128,224,0.0669642857143
ECB_01129,456,0.0482456140351
ECB_01130,215,0.0651162790698
ECB_01132,153,0.16339869281
ECB_01133,221,0.194570135747
ECB_01134,416,0.03125
ECB_01135,120,0.625
ECB_01136,134,0.597014925373
ECB_01149,88,0.0227272727273
ECB_01150,270,0.0259259259259
ECB_01151,235,0.157446808511
ECB_01152,134,0.544776119403
ECB_01153,133,0.187969924812
ECB_01154,111,0.207207207207
ECB_01155,219,0.146118721461
ECB_01156,148,0.0743243243243
ECB_01158,139,0.273381294964
ECB_01159,422,0.163507109005
ECB_01160,176,0.147727272727
ECB_01161,514,0.0817120622568
ECB_01162,239,0.0292887029289
ECB_01164,432,0.099537037037
ECB_01165,356,0.140449438202
ECB_01166,578,0.076124567474
ECB_01167,304,0.200657894737
ECB_01168,203,0.0985221674877
ECB_01169,244,0.274590163934
ECB_01170,84,0.0833333333333
ECB_01172,572,0.20979020979
ECB_01178,363,0.0523415977961
ECB_01180,92,0.0869565217391
ECB_01181,561,0.0713012477718
ECB_01182,315,0.00634920634921
ECB_01183,283,0.0989399293286
ECB_01184,207,0.0821256038647
ECB_01185,418,0.0574162679426
ECB_01186,360,0.0305555555556
ECB_01187,277,0.220216606498
ECB_01188,130,0.276923076923
ECB_01189,269,0.14126394052
ECB_01190,284,0.0704225352113
ECB_01194,366,0.0601092896175
ECB_01195,76,0.171052631579
ECB_01197,117,0.0769230769231
ECB_01198,460,0.295652173913
ECB_01199,216,0.037037037037
ECB_01200,598,0.138795986622
ECB_01201,465,0.0645161290323
ECB_01204,236,0.118644067797
ECB_01205,225,0.0666666666667
ECB_01208,280,0.0357142857143
ECB_01209,152,0.197368421053
ECB_01210,314,0.197452229299
ECB_01211,337,0.0949554896142
ECB_01212,302,0.0298013245033
ECB_01213,137,0.0510948905109
ECB_01214,205,0.0780487804878
ECB_01215,892,0.0269058295964
ECB_01216,215,0.0604651162791
ECB_01218,306,0.0392156862745
ECB_01219,302,0.0397350993377
ECB_01220,337,0.0741839762611
ECB_01221,334,0.0449101796407
ECB_01223,486,0.0555555555556
ECB_01225,98,0.0816326530612
ECB_01226,243,0.139917695473
ECB_01227,133,0.0977443609023
ECB_01228,179,0.0670391061453
ECB_01229,247,0.133603238866
ECB_01230,212,0.11320754717
ECB_01231,168,0.142857142857
ECB_01232,167,0.137724550898
ECB_01234,268,0.149253731343
ECB_01235,397,0.0352644836272
ECB_01236,452,0.119469026549
ECB_01237,531,0.030131826742
ECB_01238,520,0.101923076923
ECB_01240,297,0.114478114478
ECB_01241,206,0.0679611650485
ECB_01245,291,0.0240549828179
ECB_01246,196,0.107142857143
ECB_01247,253,0.110671936759
ECB_01248,349,0.123209169054
ECB_01249,83,0.0722891566265
ECB_01250,865,0.035838150289
ECB_01251,324,0.0493827160494
ECB_01253,891,0.0707070707071
ECB_01254,196,0.0459183673469
ECB_01255,254,0.173228346457
ECB_01256,102,0.0686274509804
ECB_01257,389,0.0668380462725
ECB_01258,245,0.122448979592
ECB_01259,108,0.101851851852
ECB_01260,72,0.0416666666667
ECB_01261,251,0.183266932271
ECB_01262,664,0.21686746988
ECB_01263,644,0.0993788819876
ECB_01264,381,0.551181102362
ECB_01265,262,0.0229007633588
ECB_01267,268,0.0223880597015
ECB_01268,330,0.0333333333333
ECB_01269,296,0.0540540540541
ECB_01270,321,0.0809968847352
ECB_01271,549,0.0983606557377
ECB_01280,326,0.134969325153
ECB_01281,222,0.0855855855856
ECB_01282,74,0.108108108108
ECB_01283,119,0.159663865546
ECB_01284,73,0.13698630137
ECB_01285,104,0.336538461538
ECB_01298,465,0.0623655913978
ECB_01299,353,0.118980169972
ECB_01300,513,0.0779727095517
ECB_01301,168,0.119047619048
ECB_01302,321,0.146417445483
ECB_01303,262,0.160305343511
ECB_01307,537,0.072625698324
ECB_01308,343,0.247813411079
ECB_01309,85,0.129411764706
ECB_01310,316,0.0443037974684
ECB_01312,171,0.111111111111
ECB_01317,187,0.139037433155
ECB_01319,327,0.0733944954128
ECB_01320,457,0.124726477024
ECB_01321,311,0.0514469453376
ECB_01347,144,0.0902777777778
ECB_01348,382,0.185863874346
ECB_01349,1174,0.0732538330494
ECB_01351,140,0.314285714286
ECB_01352,329,0.0547112462006
ECB_01353,879,0.222980659841
ECB_01354,63,0.285714285714
ECB_01355,108,0.305555555556
ECB_01367,201,0.124378109453
ECB_01368,1300,0.0553846153846
ECB_01369,266,0.312030075188
ECB_01374,176,0.164772727273
ECB_01378,550,0.243636363636
ECB_01379,307,0.169381107492
ECB_01380,447,0.125279642058
ECB_01381,551,0.125226860254
ECB_01384,179,0.324022346369
ECB_01385,326,0.334355828221
ECB_01386,337,0.139465875371
ECB_01387,198,0.176767676768
ECB_01388,222,0.153153153153
ECB_01391,396,0.257575757576
ECB_01392,178,0.275280898876
ECB_01393,654,0.0764525993884
ECB_01394,76,0.263157894737
ECB_01396,474,0.137130801688
ECB_01401,474,0.164556962025
ECB_01402,87,0.459770114943
ECB_01403,77,0.142857142857
ECB_01404,149,0.140939597315
ECB_01405,172,0.156976744186
ECB_01406,356,0.174157303371
ECB_01407,221,0.420814479638
ECB_01408,706,0.154390934844
ECB_01409,353,0.0963172804533
ECB_01410,499,0.0881763527054
ECB_01421,281,0.252669039146
ECB_01423,226,0.0353982300885
ECB_01424,231,0.177489177489
ECB_01431,293,0.201365187713
ECB_01433,294,0.0714285714286
ECB_01434,218,0.0229357798165
ECB_01436,336,0.0744047619048
ECB_01437,565,0.0743362831858
ECB_01439,71,0.112676056338
ECB_01440,143,0.0769230769231
ECB_01446,263,0.756653992395
ECB_01472,333,0.357357357357
ECB_01473,340,0.15
ECB_01474,291,0.106529209622
ECB_01477,315,0.180952380952
ECB_01480,119,0.201680672269
ECB_01481,308,0.0844155844156
ECB_01482,462,0.186147186147
ECB_01483,293,0.184300341297
ECB_01485,396,0.123737373737
ECB_01486,221,0.0814479638009
ECB_01489,144,0.0763888888889
ECB_01491,72,0.569444444444
ECB_01492,300,0.176666666667
ECB_01493,395,0.227848101266
ECB_01495,130,0.215384615385
ECB_01496,175,0.4
ECB_01497,681,0.214390602056
ECB_01498,248,0.120967741935
ECB_01499,228,0.131578947368
ECB_01500,67,0.208955223881
ECB_01501,488,0.188524590164
ECB_01518,177,0.395480225989
ECB_01523,319,0.48275862069
ECB_01549,339,0.244837758112
ECB_01550,404,0.0519801980198
ECB_01551,108,0.111111111111
ECB_01552,113,0.185840707965
ECB_01553,186,0.0860215053763
ECB_01554,236,0.275423728814
ECB_01555,102,0.294117647059
ECB_01559,285,0.231578947368
ECB_01560,204,0.230392156863
ECB_01561,418,0.210526315789
ECB_01562,231,0.0735930735931
ECB_01563,406,0.0886699507389
ECB_01564,299,0.173913043478
ECB_01565,417,0.0863309352518
ECB_01567,273,0.230769230769
ECB_01568,109,0.165137614679
ECB_01569,121,0.173553719008
ECB_01570,344,0.119186046512
ECB_01571,462,0.0454545454545
ECB_01572,510,0.0725490196078
ECB_01573,314,0.0987261146497
ECB_01574,460,0.0717391304348
ECB_01576,111,0.189189189189
ECB_01577,246,0.174796747967
ECB_01578,433,0.187066974596
ECB_01579,309,0.197411003236
ECB_01580,467,0.0835117773019
ECB_01582,391,0.13810741688
ECB_01583,502,0.201195219124
ECB_01592,333,0.105105105105
ECB_01596,146,0.164383561644
ECB_01597,193,0.0155440414508
ECB_01598,192,0.109375
ECB_01599,740,0.12972972973
ECB_01600,352,0.127840909091
ECB_01601,206,0.165048543689
ECB_01602,231,0.0822510822511
ECB_01603,211,0.042654028436
ECB_01604,501,0.0958083832335
ECB_01605,201,0.164179104478
ECB_01606,287,0.0940766550523
ECB_01607,424,0.0377358490566
ECB_01608,218,0.0871559633028
ECB_01609,109,0.174311926606
ECB_01610,373,0.1581769437
ECB_01611,155,0.0516129032258
ECB_01612,144,0.118055555556
ECB_01613,78,0.217948717949
ECB_01614,298,0.204697986577
ECB_01615,679,0.162002945508
ECB_01616,173,0.179190751445
ECB_01617,298,0.104026845638
ECB_01618,79,0.164556962025
ECB_01619,199,0.306532663317
ECB_01620,365,0.0821917808219
ECB_01621,135,0.0814814814815
ECB_01622,215,0.111627906977
ECB_01624,115,0.0260869565217
ECB_01625,287,0.299651567944
ECB_01626,193,0.0518134715026
ECB_01629,341,0.0410557184751
ECB_01630,310,0.0935483870968
ECB_01631,403,0.146401985112
ECB_01632,382,0.0968586387435
ECB_01633,213,0.117370892019
ECB_01634,457,0.0765864332604
ECB_01636,103,0.368932038835
ECB_01644,70,0.142857142857
ECB_01645,470,0.0425531914894
ECB_01647,334,0.146706586826
ECB_01648,138,0.123188405797
ECB_01649,406,0.12315270936
ECB_01650,423,0.210401891253
ECB_01651,248,0.0725806451613
ECB_01652,495,0.0383838383838
ECB_01653,122,0.155737704918
ECB_01654,89,0.303370786517
ECB_01655,136,0.102941176471
ECB_01656,1018,0.109037328094
ECB_01657,372,0.112903225806
ECB_01658,119,0.411764705882
ECB_01660,421,0.166270783848
ECB_01661,288,0.0902777777778
ECB_01662,252,0.194444444444
ECB_01664,383,0.0496083550914
ECB_01665,303,0.227722772277
ECB_01666,254,0.204724409449
ECB_01667,312,0.266025641026
ECB_01668,429,0.193473193473
ECB_01669,97,0.20618556701
ECB_01670,566,0.208480565371
ECB_01671,792,0.0328282828283
ECB_01672,277,0.028880866426
ECB_01673,348,0.0919540229885
ECB_01675,480,0.175
ECB_01676,237,0.616033755274
ECB_01677,154,0.136363636364
ECB_01678,249,0.192771084337
ECB_01679,183,0.142076502732
ECB_01680,326,0.0858895705521
ECB_01681,99,0.010101010101
ECB_01682,795,0.074213836478
ECB_01683,327,0.0244648318043
ECB_01685,118,0.0
ECB_01686,65,0.0
ECB_01688,642,0.0327102803738
ECB_01691,252,0.115079365079
ECB_01692,310,0.0838709677419
ECB_01693,96,0.322916666667
ECB_01694,286,0.0734265734266
ECB_01695,178,0.157303370787
ECB_01696,222,0.0990990990991
ECB_01697,196,0.137755102041
ECB_01698,463,0.0410367170626
ECB_01700,87,0.241379310345
ECB_01701,753,0.118193891102
ECB_01702,252,0.242063492063
ECB_01703,451,0.0931263858093
ECB_01704,280,0.142857142857
ECB_01705,116,0.129310344828
ECB_01706,452,0.0530973451327
ECB_01707,106,0.0377358490566
ECB_01708,113,0.0442477876106
ECB_01709,275,0.101818181818
ECB_01710,304,0.230263157895
ECB_01712,161,0.111801242236
ECB_01713,322,0.295031055901
ECB_01714,447,0.152125279642
ECB_01715,492,0.178861788618
ECB_01716,344,0.0843023255814
ECB_01717,408,0.166666666667
ECB_01718,268,0.0783582089552
ECB_01728,138,0.246376811594
ECB_01729,91,0.274725274725
ECB_01730,447,0.0715883668904
ECB_01732,653,0.0612557427259
ECB_01733,347,0.0749279538905
ECB_01734,183,0.114754098361
ECB_01735,618,0.137540453074
ECB_01736,338,0.0532544378698
ECB_01737,218,0.215596330275
ECB_01746,92,0.141304347826
ECB_01747,147,0.204081632653
ECB_01748,331,0.012084592145
ECB_01749,294,0.173469387755
ECB_01750,285,0.224561403509
ECB_01751,248,0.157258064516
ECB_01752,644,0.0776397515528
ECB_01753,428,0.0630841121495
ECB_01755,497,0.319919517103
ECB_01756,172,0.145348837209
ECB_01758,148,0.175675675676
ECB_01759,273,0.282051282051
ECB_01760,394,0.185279187817
ECB_01761,115,0.234782608696
ECB_01762,84,0.380952380952
ECB_01764,82,0.0487804878049
ECB_01765,60,0.0333333333333
ECB_01766,120,0.533333333333
ECB_01768,212,0.127358490566
ECB_01774,375,0.133333333333
ECB_01775,561,0.0623885918004
ECB_01776,193,0.103626943005
ECB_01777,231,0.147186147186
ECB_01778,636,0.0471698113208
ECB_01779,114,0.0701754385965
ECB_01780,119,0.394957983193
ECB_01781,59,0.101694915254
ECB_01782,454,0.23127753304
ECB_01783,192,0.130208333333
ECB_01786,519,0.0924855491329
ECB_01787,323,0.0433436532508
ECB_01788,266,0.0563909774436
ECB_01789,286,0.0734265734266
ECB_01790,156,0.141025641026
ECB_01791,206,0.169902912621
ECB_01792,269,0.204460966543
ECB_01793,69,0.0
ECB_01795,95,0.263157894737
ECB_01797,79,0.26582278481
ECB_01798,263,0.041825095057
ECB_01799,457,0.100656455142
ECB_01800,293,0.0341296928328
ECB_01801,682,0.0645161290323
ECB_01802,232,0.073275862069
ECB_01803,194,0.221649484536
ECB_01804,427,0.138173302108
ECB_01805,879,0.0955631399317
ECB_01806,479,0.144050104384
ECB_01807,79,0.126582278481
ECB_01808,63,0.111111111111
ECB_01809,218,0.366972477064
ECB_01810,118,0.220338983051
ECB_01811,291,0.364261168385
ECB_01812,124,0.258064516129
ECB_01813,76,0.118421052632
ECB_01814,218,0.344036697248
ECB_01815,232,0.146551724138
ECB_01816,686,0.110787172012
ECB_01817,219,0.132420091324
ECB_01818,122,0.254098360656
ECB_01819,96,0.208333333333
ECB_01820,392,0.117346938776
ECB_01821,213,0.0328638497653
ECB_01822,603,0.0597014925373
ECB_01823,491,0.0285132382892
ECB_01824,289,0.076124567474
ECB_01825,480,0.0145833333333
ECB_01826,323,0.0681114551084
ECB_01827,440,0.125
ECB_01828,314,0.130573248408
ECB_01830,261,0.0344827586207
ECB_01831,336,0.0357142857143
ECB_01832,203,0.0541871921182
ECB_01833,200,0.22
ECB_01834,173,0.0173410404624
ECB_01835,246,0.020325203252
ECB_01836,150,0.106666666667
ECB_01837,590,0.0559322033898
ECB_01838,188,0.191489361702
ECB_01839,272,0.172794117647
ECB_01840,131,0.0687022900763
ECB_01841,247,0.0607287449393
ECB_01842,323,0.0681114551084
ECB_01846,189,0.153439153439
ECB_01847,577,0.0415944540728
ECB_01849,130,0.292307692308
ECB_01850,692,0.0476878612717
ECB_01851,383,0.10182767624
ECB_01852,214,0.0700934579439
ECB_01853,129,0.0232558139535
ECB_01854,349,0.0429799426934
ECB_01855,288,0.135416666667
ECB_01857,554,0.209386281588
ECB_01858,167,0.0778443113772
ECB_01859,671,0.153502235469
ECB_01860,309,0.0938511326861
ECB_01861,295,0.064406779661
ECB_01863,119,0.109243697479
ECB_01864,142,0.239436619718
ECB_01865,474,0.113924050633
ECB_01866,267,0.265917602996
ECB_01870,167,0.233532934132
ECB_01872,111,0.423423423423
ECB_01873,165,0.0787878787879
ECB_01874,79,0.126582278481
ECB_01875,403,0.111662531017
ECB_01876,221,0.190045248869
ECB_01877,182,0.0549450549451
ECB_01878,610,0.0803278688525
ECB_01879,218,0.256880733945
ECB_01884,226,0.261061946903
ECB_01885,137,0.321167883212
ECB_01886,334,0.110778443114
ECB_01887,211,0.208530805687
ECB_01888,216,0.282407407407
ECB_01889,176,0.340909090909
ECB_01890,265,0.196226415094
ECB_01893,445,0.606741573034
ECB_01894,484,0.095041322314
ECB_01895,238,0.0420168067227
ECB_01896,547,0.27239488117
ECB_01899,310,0.212903225806
ECB_01900,360,0.225
ECB_01901,247,0.178137651822
ECB_01902,181,0.17679558011
ECB_01910,133,0.233082706767
ECB_01911,352,0.204545454545
ECB_01912,157,0.292993630573
ECB_01913,390,0.135897435897
ECB_01914,476,0.0840336134454
ECB_01917,454,0.0132158590308
ECB_01918,309,0.155339805825
ECB_01919,274,0.105839416058
ECB_01921,299,0.0501672240803
ECB_01922,434,0.110599078341
ECB_01923,359,0.125348189415
ECB_01924,355,0.0422535211268
ECB_01925,196,0.0969387755102
ECB_01926,245,0.065306122449
ECB_01927,258,0.062015503876
ECB_01928,203,0.0788177339901
ECB_01929,329,0.285714285714
ECB_01930,388,0.10824742268
ECB_01931,468,0.0384615384615
ECB_01937,382,0.759162303665
ECB_01944,183,0.360655737705
ECB_01945,292,0.0650684931507
ECB_01946,299,0.133779264214
ECB_01947,361,0.1108033241
ECB_01948,297,0.0639730639731
ECB_01949,469,0.234541577825
ECB_01950,406,0.14039408867
ECB_01951,426,0.319248826291
ECB_01952,492,0.144308943089
ECB_01953,464,0.10775862069
ECB_01956,407,0.135135135135
ECB_01957,169,0.331360946746
ECB_01958,321,0.0934579439252
ECB_01959,373,0.0375335120643
ECB_01960,184,0.141304347826
ECB_01961,248,0.282258064516
ECB_01962,405,0.0641975308642
ECB_01963,405,0.192592592593
ECB_01964,162,0.0987654320988
ECB_01965,280,0.0928571428571
ECB_01967,149,0.181208053691
ECB_01968,379,0.0606860158311
ECB_01969,527,0.0929791271347
ECB_01970,618,0.23786407767
ECB_01971,193,0.0414507772021
ECB_01972,213,0.0422535211268
ECB_01973,1109,0.331830477908
ECB_01974,289,0.283737024221
ECB_01975,450,0.108888888889
ECB_01979,415,0.178313253012
ECB_01982,471,0.144373673036
ECB_01983,467,0.113490364026
ECB_01984,240,0.0333333333333
ECB_01986,453,0.0353200883002
ECB_02015,299,0.137123745819
ECB_02016,257,0.268482490272
ECB_02017,347,0.319884726225
ECB_02018,457,0.161925601751
ECB_02019,94,0.223404255319
ECB_02020,154,0.415584415584
ECB_02025,350,0.04
ECB_02026,425,0.0517647058824
ECB_02027,334,0.164670658683
ECB_02028,321,0.230529595016
ECB_02029,248,0.0766129032258
ECB_02031,266,0.0977443609023
ECB_02032,265,0.298113207547
ECB_02043,369,0.0379403794038
ECB_02044,677,0.0457902511078
ECB_02052,153,0.281045751634
ECB_02053,156,0.102564102564
ECB_02054,239,0.0543933054393
ECB_02055,561,0.0837789661319
ECB_02056,243,0.148148148148
ECB_02058,243,0.144032921811
ECB_02059,315,0.149206349206
ECB_02060,389,0.251928020566
ECB_02061,305,0.118032786885
ECB_02062,765,0.0718954248366
ECB_02063,576,0.0954861111111
ECB_02064,315,0.0761904761905
ECB_02065,195,0.0871794871795
ECB_02066,201,0.253731343284
ECB_02067,253,0.205533596838
ECB_02068,478,0.215481171548
ECB_02069,315,0.111111111111
ECB_02070,132,0.0833333333333
ECB_02071,231,0.0952380952381
ECB_02072,294,0.125850340136
ECB_02073,239,0.0627615062762
ECB_02074,81,0.41975308642
ECB_02075,413,0.1598062954
ECB_02076,411,0.0632603406326
ECB_02077,336,0.0267857142857
ECB_02078,506,0.0454545454545
ECB_02079,332,0.0602409638554
ECB_02080,346,0.127167630058
ECB_02081,385,0.174025974026
ECB_02082,222,0.0405405405405
ECB_02083,278,0.241007194245
ECB_02084,663,0.120663650075
ECB_02085,489,0.0552147239264
ECB_02086,293,0.105802047782
ECB_02087,349,0.111747851003
ECB_02088,285,0.115789473684
ECB_02096,563,0.0710479573712
ECB_02097,312,0.0160256410256
ECB_02098,376,0.0984042553191
ECB_02099,393,0.101781170483
ECB_02103,328,0.121951219512
ECB_02104,239,0.200836820084
ECB_02105,190,0.0736842105263
ECB_02106,518,0.297297297297
ECB_02107,604,0.135761589404
ECB_02108,364,0.0384615384615
ECB_02109,341,0.0850439882698
ECB_02110,529,0.137996219282
ECB_02111,114,0.0964912280702
ECB_02112,396,0.0606060606061
ECB_02113,231,0.0562770562771
ECB_02114,586,0.0460750853242
ECB_02115,94,0.0851063829787
ECB_02116,335,0.0417910447761
ECB_02117,75,0.0933333333333
ECB_02118,586,0.127986348123
ECB_02120,215,0.111627906977
ECB_02129,200,0.115
ECB_02130,149,0.0738255033557
ECB_02131,289,0.138408304498
ECB_02132,231,0.0562770562771
ECB_02133,828,0.06038647343
ECB_02134,87,0.183908045977
ECB_02135,164,0.25
ECB_02136,164,0.207317073171
ECB_02138,547,0.091407678245
ECB_02139,216,0.208333333333
ECB_02140,354,0.25988700565
ECB_02141,351,0.19943019943
ECB_02142,384,0.346354166667
ECB_02145,949,0.125395152792
ECB_02157,878,0.0876993166287
ECB_02158,242,0.0867768595041
ECB_02160,761,0.0341655716163
ECB_02161,376,0.0186170212766
ECB_02162,84,0.0357142857143
ECB_02165,359,0.108635097493
ECB_02166,452,0.0287610619469
ECB_02167,542,0.0719557195572
ECB_02168,419,0.190930787589
ECB_02169,396,0.0580808080808
ECB_02171,267,0.12734082397
ECB_02172,429,0.0839160839161
ECB_02173,405,0.0395061728395
ECB_02174,260,0.126923076923
ECB_02175,400,0.125
ECB_02176,215,0.279069767442
ECB_02177,141,0.127659574468
ECB_02178,201,0.313432835821
ECB_02179,385,0.18961038961
ECB_02180,327,0.146788990826
ECB_02181,660,0.206060606061
ECB_02182,299,0.270903010033
ECB_02183,551,0.288566243194
ECB_02184,111,0.27027027027
ECB_02185,128,0.3359375
ECB_02186,88,0.454545454545
ECB_02187,455,0.21978021978
ECB_02188,320,0.11875
ECB_02189,285,0.0315789473684
ECB_02190,252,0.234126984127
ECB_02191,556,0.089928057554
ECB_02192,432,0.215277777778
ECB_02193,101,0.108910891089
ECB_02194,153,0.196078431373
ECB_02195,305,0.190163934426
ECB_02196,407,0.734643734644
ECB_02202,509,0.0314341846758
ECB_02203,613,0.0538336052202
ECB_02204,100,0.01
ECB_02205,184,0.0326086956522
ECB_02206,180,0.00555555555556
ECB_02207,325,0.0430769230769
ECB_02209,445,0.0112359550562
ECB_02210,166,0.0301204819277
ECB_02211,600,0.055
ECB_02212,220,0.00909090909091
ECB_02213,147,0.0204081632653
ECB_02214,312,0.134615384615
ECB_02215,405,0.037037037037
ECB_02216,199,0.0804020100503
ECB_02217,610,0.0901639344262
ECB_02218,219,0.150684931507
ECB_02219,164,0.0426829268293
ECB_02220,151,0.046357615894
ECB_02221,400,0.0225
ECB_02222,715,0.0363636363636
ECB_02223,506,0.0849802371542
ECB_02224,184,0.0923913043478
ECB_02225,184,0.157608695652
ECB_02226,214,0.191588785047
ECB_02227,215,0.195348837209
ECB_02229,297,0.138047138047
ECB_02231,258,0.0581395348837
ECB_02232,238,0.0966386554622
ECB_02233,228,0.0877192982456
ECB_02234,260,0.0192307692308
ECB_02235,260,0.0884615384615
ECB_02236,189,0.0899470899471
ECB_02237,505,0.0376237623762
ECB_02238,162,0.037037037037
ECB_02239,226,0.163716814159
ECB_02240,422,0.130331753555
ECB_02241,304,0.0197368421053
ECB_02242,219,0.0319634703196
ECB_02243,270,0.0407407407407
ECB_02244,337,0.109792284866
ECB_02245,378,0.113756613757
ECB_02246,335,0.4
ECB_02247,392,0.114795918367
ECB_02248,406,0.0369458128079
ECB_02249,668,0.202095808383
ECB_02250,92,0.152173913043
ECB_02251,182,0.0714285714286
ECB_02252,269,0.092936802974
ECB_02253,274,0.113138686131
ECB_02254,361,0.0415512465374
ECB_02255,310,0.0548387096774
ECB_02256,183,0.0655737704918
ECB_02257,283,0.604240282686
ECB_02258,183,0.535519125683
ECB_02259,159,0.553459119497
ECB_02260,172,0.529069767442
ECB_02261,253,0.426877470356
ECB_02262,886,0.432279909707
ECB_02263,191,0.607329842932
ECB_02264,161,0.105590062112
ECB_02265,715,0.138461538462
ECB_02266,436,0.0688073394495
ECB_02267,94,0.063829787234
ECB_02268,448,0.0848214285714
ECB_02272,251,0.0557768924303
ECB_02273,313,0.150159744409
ECB_02274,311,0.102893890675
ECB_02275,445,0.0651685393258
ECB_02276,442,0.106334841629
ECB_02285,222,0.599099099099
ECB_02287,80,0.3125
ECB_02288,306,0.0915032679739
ECB_02289,412,0.0412621359223
ECB_02298,321,0.0623052959502
ECB_02299,418,0.215311004785
ECB_02300,108,0.0833333333333
ECB_02301,413,0.0653753026634
ECB_02302,400,0.0175
ECB_02303,729,0.319615912209
ECB_02304,120,0.25
ECB_02305,130,0.307692307692
ECB_02306,471,0.0488322717622
ECB_02308,308,0.211038961039
ECB_02309,332,0.0933734939759
ECB_02310,72,0.0555555555556
ECB_02311,671,0.070044709389
ECB_02312,335,0.194029850746
ECB_02313,253,0.102766798419
ECB_02314,323,0.0278637770898
ECB_02315,85,0.0
ECB_02316,575,0.0260869565217
ECB_02317,169,0.0177514792899
ECB_02318,289,0.342560553633
ECB_02319,130,0.238461538462
ECB_02321,303,0.0561056105611
ECB_02322,365,0.0602739726027
ECB_02324,277,0.0469314079422
ECB_02325,338,0.0532544378698
ECB_02326,263,0.0722433460076
ECB_02329,481,0.615384615385
ECB_02331,299,0.0535117056856
ECB_02332,191,0.198952879581
ECB_02333,149,0.255033557047
ECB_02335,289,0.076124567474
ECB_02336,299,0.0869565217391
ECB_02337,350,0.0828571428571
ECB_02338,166,0.204819277108
ECB_02339,219,0.0456621004566
ECB_02340,298,0.0906040268456
ECB_02341,453,0.0198675496689
ECB_02342,467,0.0985010706638
ECB_02343,408,0.0196078431373
ECB_02344,395,0.129113924051
ECB_02345,279,0.114695340502
ECB_02346,467,0.0599571734475
ECB_02347,95,0.0842105263158
ECB_02348,97,0.0515463917526
ECB_02349,338,0.112426035503
ECB_02350,269,0.130111524164
ECB_02351,233,0.115879828326
ECB_02352,160,0.14375
ECB_02353,111,0.0540540540541
ECB_02354,759,0.0592885375494
ECB_02355,316,0.101265822785
ECB_02357,347,0.227665706052
ECB_02358,191,0.125654450262
ECB_02360,566,0.120141342756
ECB_02362,118,0.194915254237
ECB_02363,375,0.056
ECB_02364,66,0.0454545454545
ECB_02366,673,0.292719167905
ECB_02367,287,0.0766550522648
ECB_02368,237,0.0506329113924
ECB_02369,344,0.078488372093
ECB_02370,292,0.0856164383562
ECB_02371,190,0.0947368421053
ECB_02372,156,0.0192307692308
ECB_02385,355,0.0676056338028
ECB_02386,487,0.0780287474333
ECB_02387,119,0.159663865546
ECB_02388,248,0.0524193548387
ECB_02389,429,0.0606060606061
ECB_02390,208,0.00961538461538
ECB_02392,212,0.127358490566
ECB_02393,688,0.0377906976744
ECB_02394,513,0.0779727095517
ECB_02395,747,0.277108433735
ECB_02396,63,0.15873015873
ECB_02399,525,0.0152380952381
ECB_02400,488,0.0184426229508
ECB_02401,456,0.142543859649
ECB_02402,73,0.383561643836
ECB_02403,490,0.0265306122449
ECB_02404,392,0.0867346938776
ECB_02405,206,0.106796116505
ECB_02406,424,0.0471698113208
ECB_02407,372,0.0134408602151
ECB_02408,342,0.166666666667
ECB_02409,388,0.0438144329897
ECB_02410,143,0.034965034965
ECB_02411,771,0.185473411154
ECB_02412,1653,0.183908045977
ECB_02413,281,0.199288256228
ECB_02414,258,0.0891472868217
ECB_02415,427,0.0819672131148
ECB_02416,66,0.0757575757576
ECB_02417,111,0.0540540540541
ECB_02418,616,0.0584415584416
ECB_02419,171,0.0877192982456
ECB_02420,107,0.0280373831776
ECB_02421,128,0.015625
ECB_02422,404,0.0272277227723
ECB_02423,164,0.030487804878
ECB_02424,246,0.0447154471545
ECB_02425,267,0.0262172284644
ECB_02426,302,0.354304635762
ECB_02427,426,0.286384976526
ECB_02428,379,0.129287598945
ECB_02443,417,0.0671462829736
ECB_02444,396,0.0909090909091
ECB_02445,112,0.0
ECB_02446,445,0.0516853932584
ECB_02447,257,0.400778210117
ECB_02448,480,0.1375
ECB_02449,1295,0.0617760617761
ECB_02453,183,0.153005464481
ECB_02454,211,0.175355450237
ECB_02455,282,0.166666666667
ECB_02456,86,0.0581395348837
ECB_02457,126,0.0555555555556
ECB_02458,243,0.0617283950617
ECB_02459,242,0.0661157024793
ECB_02460,301,0.0299003322259
ECB_02461,226,0.0265486725664
ECB_02462,324,0.0617283950617
ECB_02463,599,0.0300500834725
ECB_02464,159,0.176100628931
ECB_02465,318,0.106918238994
ECB_02466,216,0.0833333333333
ECB_02467,191,0.00523560209424
ECB_02468,540,0.101851851852
ECB_02469,245,0.155102040816
ECB_02470,444,0.0675675675676
ECB_02471,299,0.23745819398
ECB_02472,195,0.164102564103
ECB_02473,127,0.0393700787402
ECB_02474,229,0.0873362445415
ECB_02475,345,0.124637681159
ECB_02476,139,0.0503597122302
ECB_02477,232,0.150862068966
ECB_02478,886,0.0801354401806
ECB_02479,451,0.0620842572062
ECB_02480,107,0.336448598131
ECB_02481,433,0.115473441109
ECB_02482,857,0.0315052508751
ECB_02483,243,0.131687242798
ECB_02484,326,0.0674846625767
ECB_02485,245,0.0367346938776
ECB_02486,113,0.0884955752212
ECB_02488,386,0.0932642487047
ECB_02489,373,0.0455764075067
ECB_02490,356,0.0365168539326
ECB_02492,172,0.348837209302
ECB_02493,408,0.254901960784
ECB_02495,115,0.0260869565217
ECB_02496,255,0.0352941176471
ECB_02497,182,0.0604395604396
ECB_02498,82,0.0243902439024
ECB_02499,453,0.0176600441501
ECB_02500,288,0.138888888889
ECB_02501,398,0.0452261306533
ECB_02502,197,0.0761421319797
ECB_02503,292,0.0376712328767
ECB_02504,553,0.0831826401447
ECB_02506,96,0.125
ECB_02507,158,0.113924050633
ECB_02508,160,0.05625
ECB_02509,409,0.469437652812
ECB_02515,325,0.12
ECB_02516,422,0.118483412322
ECB_02517,482,0.0954356846473
ECB_02518,427,0.11943793911
ECB_02519,466,0.0815450643777
ECB_02520,225,0.146666666667
ECB_02521,149,0.0671140939597
ECB_02522,52,0.0769230769231
ECB_02523,99,0.10101010101
ECB_02524,175,0.251428571429
ECB_02525,134,0.15671641791
ECB_02526,149,0.127516778523
ECB_02527,116,0.146551724138
ECB_02528,113,0.141592920354
ECB_02529,81,0.148148148148
ECB_02530,136,0.147058823529
ECB_02531,714,0.105042016807
ECB_02532,319,0.12539184953
ECB_02533,400,0.05
ECB_02534,354,0.0932203389831
ECB_02535,331,0.166163141994
ECB_02536,394,0.0710659898477
ECB_02539,176,0.0738636363636
ECB_02540,390,0.1
ECB_02541,512,0.04296875
ECB_02542,171,0.0584795321637
ECB_02543,518,0.0637065637066
ECB_02544,142,0.0915492957746
ECB_02545,188,0.122340425532
ECB_02546,61,0.0
ECB_02547,876,0.046803652968
ECB_02548,166,0.126506024096
ECB_02549,353,0.028328611898
ECB_02550,165,0.0727272727273
ECB_02551,361,0.0831024930748
ECB_02552,187,0.0267379679144
ECB_02553,323,0.0712074303406
ECB_02554,123,0.211382113821
ECB_02555,259,0.023166023166
ECB_02556,119,0.176470588235
ECB_02557,257,0.0544747081712
ECB_02559,507,0.116370808679
ECB_02560,479,0.0668058455115
ECB_02561,377,0.153846153846
ECB_02562,750,0.162666666667
ECB_02563,181,0.0773480662983
ECB_02567,156,0.0833333333333
ECB_02568,136,0.0882352941176
ECB_02569,255,0.0352941176471
ECB_02570,180,0.0388888888889
ECB_02572,307,0.104234527687
ECB_02573,608,0.108552631579
ECB_02574,203,0.0492610837438
ECB_02575,153,0.124183006536
ECB_02576,118,0.152542372881
ECB_02577,290,0.051724137931
ECB_02578,90,0.0333333333333
ECB_02579,373,0.058981233244
ECB_02580,336,0.122023809524
ECB_02581,692,0.0968208092486
ECB_02582,117,0.153846153846
ECB_02583,855,0.0561403508772
ECB_02584,218,0.399082568807
ECB_02585,265,0.169811320755
ECB_02586,307,0.198697068404
ECB_02587,420,0.204761904762
ECB_02588,212,0.146226415094
ECB_02589,258,0.193798449612
ECB_02591,330,0.00606060606061
ECB_02592,382,0.133507853403
ECB_02593,208,0.0576923076923
ECB_02594,253,0.0830039525692
ECB_02595,349,0.10888252149
ECB_02596,159,0.0188679245283
ECB_02597,236,0.0974576271186
ECB_02598,103,0.0873786407767
ECB_02599,107,0.336448598131
ECB_02600,201,0.144278606965
ECB_02601,479,0.131524008351
ECB_02602,302,0.0298013245033
ECB_02603,348,0.149425287356
ECB_02607,244,0.0614754098361
ECB_02608,570,0.059649122807
ECB_02609,599,0.0884808013356
ECB_02610,121,0.0661157024793
ECB_02622,223,0.0403587443946
ECB_02624,432,0.0138888888889
ECB_02625,545,0.0495412844037
ECB_02626,266,0.0789473684211
ECB_02629,744,0.0403225806452
ECB_02630,433,0.163972286374
ECB_02631,921,0.0966340933768
ECB_02632,446,0.0291479820628
ECB_02633,446,0.0448430493274
ECB_02634,452,0.0398230088496
ECB_02635,149,0.114093959732
ECB_02636,260,0.123076923077
ECB_02637,109,0.183486238532
ECB_02638,181,0.154696132597
ECB_02639,282,0.124113475177
ECB_02640,454,0.057268722467
ECB_02641,429,0.044289044289
ECB_02643,281,0.199288256228
ECB_02644,383,0.0966057441253
ECB_02653,591,0.0710659898477
ECB_02654,482,0.174273858921
ECB_02655,140,0.0857142857143
ECB_02656,243,0.139917695473
ECB_02657,366,0.0573770491803
ECB_02658,131,0.0992366412214
ECB_02659,305,0.016393442623
ECB_02660,75,0.08
ECB_02661,401,0.1072319202
ECB_02662,147,0.136054421769
ECB_02663,268,0.0671641791045
ECB_02664,365,0.0794520547945
ECB_02665,417,0.0575539568345
ECB_02666,443,0.0677200902935
ECB_02667,611,0.168576104746
ECB_02668,1181,0.153259949196
ECB_02669,962,0.110187110187
ECB_02670,1123,0.116651825467
ECB_02671,107,0.308411214953
ECB_02672,135,0.451851851852
ECB_02673,187,0.326203208556
ECB_02674,156,0.339743589744
ECB_02675,264,0.0416666666667
ECB_02676,291,0.0721649484536
ECB_02677,748,0.0508021390374
ECB_02678,176,0.0454545454545
ECB_02679,231,0.121212121212
ECB_02680,237,0.0506329113924
ECB_02681,72,0.0972222222222
ECB_02682,346,0.0867052023121
ECB_02683,400,0.12
ECB_02684,719,0.0820584144645
ECB_02685,343,0.0932944606414
ECB_02686,422,0.118483412322
ECB_02687,311,0.128617363344
ECB_02688,235,0.212765957447
ECB_02689,472,0.0317796610169
ECB_02690,253,0.0632411067194
ECB_02691,278,0.143884892086
ECB_02692,393,0.0916030534351
ECB_02693,409,0.100244498778
ECB_02694,208,0.639423076923
ECB_02698,254,0.157480314961
ECB_02704,407,0.513513513514
ECB_02721,182,0.307692307692
ECB_02724,577,0.0866551126516
ECB_02725,237,0.168776371308
ECB_02726,298,0.0469798657718
ECB_02727,173,0.0578034682081
ECB_02728,137,0.189781021898
ECB_02729,88,0.0681818181818
ECB_02730,326,0.144171779141
ECB_02731,219,0.0867579908676
ECB_02732,103,0.126213592233
ECB_02733,479,0.0542797494781
ECB_02735,957,0.0397074190178
ECB_02736,129,0.0077519379845
ECB_02737,364,0.0521978021978
ECB_02738,400,0.12
ECB_02739,392,0.201530612245
ECB_02740,441,0.0861678004535
ECB_02742,109,0.0366972477064
ECB_02743,182,0.131868131868
ECB_02744,410,0.0390243902439
ECB_02745,219,0.0182648401826
ECB_02747,297,0.026936026936
ECB_02753,248,0.116935483871
ECB_02754,211,0.0900473933649
ECB_02755,286,0.0874125874126
ECB_02756,359,0.016713091922
ECB_02757,387,0.0206718346253
ECB_02758,348,0.0833333333333
ECB_02766,252,0.0912698412698
ECB_02767,306,0.0228758169935
ECB_02768,658,0.0243161094225
ECB_02771,100,0.57
ECB_02772,384,0.0260416666667
ECB_02773,464,0.0258620689655
ECB_02774,165,0.10303030303
ECB_02775,235,0.127659574468
ECB_02776,243,0.0699588477366
ECB_02777,316,0.107594936709
ECB_02778,187,0.0748663101604
ECB_02779,138,0.0507246376812
ECB_02780,326,0.205521472393
ECB_02781,234,0.111111111111
ECB_02782,188,0.0957446808511
ECB_02783,96,0.104166666667
ECB_02784,197,0.0812182741117
ECB_02785,378,0.0793650793651
ECB_02786,335,0.358208955224
ECB_02787,348,0.0632183908046
ECB_02788,239,0.125523012552
ECB_02789,108,0.0462962962963
ECB_02790,239,0.0627615062762
ECB_02791,350,0.0942857142857
ECB_02792,91,0.0549450549451
ECB_02793,361,0.0941828254848
ECB_02794,418,0.0933014354067
ECB_02796,235,0.165957446809
ECB_02864,619,0.101777059774
ECB_02865,288,0.0868055555556
ECB_02866,82,0.0609756097561
ECB_02867,113,0.150442477876
ECB_02868,162,0.197530864198
ECB_02869,164,0.0670731707317
ECB_02870,567,0.0599647266314
ECB_02871,392,0.0357142857143
ECB_02872,328,0.0457317073171
ECB_02874,95,0.231578947368
ECB_02877,164,0.0548780487805
ECB_02878,294,0.0680272108844
ECB_02879,141,0.063829787234
ECB_02880,244,0.102459016393
ECB_02881,395,0.13417721519
ECB_02882,219,0.0547945205479
ECB_02883,318,0.191823899371
ECB_02884,387,0.113695090439
ECB_02885,275,0.0727272727273
ECB_02888,739,0.0730717185386
ECB_02889,470,0.0723404255319
ECB_02890,245,0.0571428571429
ECB_02891,752,0.0492021276596
ECB_02896,130,0.107692307692
ECB_02897,219,0.123287671233
ECB_02898,449,0.207126948775
ECB_02900,193,0.0829015544041
ECB_02901,104,0.0961538461538
ECB_02902,630,0.0333333333333
ECB_02903,193,0.0777202072539
ECB_02904,275,0.08
ECB_02905,140,0.05
ECB_02906,210,0.128571428571
ECB_02907,493,0.103448275862
ECB_02909,223,0.156950672646
ECB_02910,387,0.062015503876
ECB_02911,276,0.155797101449
ECB_02912,257,0.0739299610895
ECB_02913,217,0.036866359447
ECB_02919,69,0.246376811594
ECB_02920,209,0.301435406699
ECB_02921,559,0.0858676207513
ECB_02922,477,0.0670859538784
ECB_02923,947,0.122492080253
ECB_02924,433,0.145496535797
ECB_02925,206,0.0873786407767
ECB_02926,413,0.0968523002421
ECB_02927,273,0.029304029304
ECB_02928,122,0.0819672131148
ECB_02929,205,0.0585365853659
ECB_02931,303,0.471947194719
ECB_02932,205,0.307317073171
ECB_02934,337,0.0415430267062
ECB_02935,71,0.0
ECB_02936,581,0.13769363167
ECB_02938,168,0.196428571429
ECB_02939,256,0.28515625
ECB_02940,216,0.314814814815
ECB_02941,506,0.164031620553
ECB_02942,468,0.0641025641026
ECB_02950,672,0.142857142857
ECB_02953,378,0.0925925925926
ECB_02954,167,0.14371257485
ECB_02955,230,0.265217391304
ECB_02956,338,0.192307692308
ECB_02957,322,0.114906832298
ECB_02958,414,0.0652173913043
ECB_02964,220,0.0454545454545
ECB_02965,127,0.322834645669
ECB_02966,122,0.155737704918
ECB_02967,101,0.0990099009901
ECB_02968,134,0.134328358209
ECB_02969,99,0.121212121212
ECB_02970,161,0.267080745342
ECB_02971,328,0.0701219512195
ECB_02972,121,0.123966942149
ECB_02974,298,0.0302013422819
ECB_02975,233,0.158798283262
ECB_02976,54,0.314814814815
ECB_02977,436,0.160550458716
ECB_02978,443,0.0722347629797
ECB_02982,406,0.179802955665
ECB_02983,443,0.0519187358916
ECB_02984,329,0.048632218845
ECB_02985,312,0.112179487179
ECB_02989,408,0.191176470588
ECB_02990,296,0.027027027027
ECB_02991,256,0.09375
ECB_02993,523,0.0611854684512
ECB_03013,287,0.0348432055749
ECB_03014,681,0.199706314244
ECB_03015,131,0.167938931298
ECB_03016,196,0.0204081632653
ECB_03017,191,0.0732984293194
ECB_03019,222,0.166666666667
ECB_03020,172,0.0523255813953
ECB_03021,147,0.163265306122
ECB_03022,100,0.18
ECB_03023,167,0.0359281437126
ECB_03024,174,0.0862068965517
ECB_03025,331,0.0271903323263
ECB_03027,335,0.0507462686567
ECB_03028,414,0.0507246376812
ECB_03030,294,0.0340136054422
ECB_03031,734,0.0613079019074
ECB_03032,89,0.0224719101124
ECB_03033,314,0.0605095541401
ECB_03034,133,0.0225563909774
ECB_03035,892,0.0347533632287
ECB_03036,500,0.062
ECB_03037,150,0.0466666666667
ECB_03040,110,0.0363636363636
ECB_03041,445,0.0404494382022
ECB_03042,282,0.0815602836879
ECB_03043,644,0.0232919254658
ECB_03044,209,0.00478468899522
ECB_03046,158,0.0316455696203
ECB_03047,477,0.0607966457023
ECB_03048,390,0.0410256410256
ECB_03050,85,0.0470588235294
ECB_03051,103,0.00970873786408
ECB_03052,323,0.0402476780186
ECB_03053,95,0.157894736842
ECB_03054,419,0.0286396181384
ECB_03055,97,0.154639175258
ECB_03056,98,0.316326530612
ECB_03057,211,0.0616113744076
ECB_03058,183,0.125683060109
ECB_03059,260,0.0384615384615
ECB_03060,270,0.0592592592593
ECB_03061,325,0.129230769231
ECB_03062,328,0.0792682926829
ECB_03063,188,0.031914893617
ECB_03064,191,0.0942408376963
ECB_03065,185,0.0864864864865
ECB_03066,241,0.0165975103734
ECB_03067,477,0.0566037735849
ECB_03068,95,0.0526315789474
ECB_03069,163,0.0490797546012
ECB_03070,284,0.0140845070423
ECB_03071,90,0.0333333333333
ECB_03072,210,0.228571428571
ECB_03073,242,0.165289256198
ECB_03074,217,0.10599078341
ECB_03075,778,0.0642673521851
ECB_03076,309,0.0614886731392
ECB_03077,1517,0.0632827949901
ECB_03081,155,0.193548387097
ECB_03082,291,0.240549828179
ECB_03083,229,0.2096069869
ECB_03084,496,0.0524193548387
ECB_03085,297,0.0942760942761
ECB_03086,263,0.125475285171
ECB_03088,167,0.107784431138
ECB_03089,212,0.0235849056604
ECB_03090,130,0.00769230769231
ECB_03091,142,0.0
ECB_03092,375,0.149333333333
ECB_03093,134,0.044776119403
ECB_03094,455,0.103296703297
ECB_03095,356,0.0842696629213
ECB_03096,312,0.0512820512821
ECB_03097,156,0.0576923076923
ECB_03098,87,0.218390804598
ECB_03099,90,0.244444444444
ECB_03100,655,0.0793893129771
ECB_03101,310,0.0677419354839
ECB_03102,67,0.0149253731343
ECB_03103,309,0.0485436893204
ECB_03104,481,0.0561330561331
ECB_03105,1267,0.18863456985
ECB_03106,489,0.0327198364008
ECB_03107,197,0.152284263959
ECB_03108,163,0.0613496932515
ECB_03109,369,0.111111111111
ECB_03110,347,0.0
ECB_03111,646,0.156346749226
ECB_03112,324,0.114197530864
ECB_03113,156,0.0705128205128
ECB_03114,449,0.0334075723831
ECB_03115,80,0.175
ECB_03116,483,0.064182194617
ECB_03117,293,0.0443686006826
ECB_03118,321,0.0373831775701
ECB_03119,98,0.0
ECB_03120,294,0.224489795918
ECB_03121,59,0.237288135593
ECB_03122,220,0.340909090909
ECB_03123,385,0.127272727273
ECB_03125,73,0.013698630137
ECB_03130,184,0.130434782609
ECB_03131,85,0.282352941176
ECB_03132,272,0.147058823529
ECB_03133,190,0.147368421053
ECB_03134,180,0.15
ECB_03135,157,0.0573248407643
ECB_03136,374,0.272727272727
ECB_03137,169,0.0177514792899
ECB_03138,315,0.0825396825397
ECB_03139,429,0.11655011655
ECB_03140,458,0.00873362445415
ECB_03141,137,0.0729927007299
ECB_03142,89,0.258426966292
ECB_03143,141,0.0709219858156
ECB_03144,122,0.139344262295
ECB_03145,127,0.00787401574803
ECB_03146,329,0.0
ECB_03147,206,0.00485436893204
ECB_03148,129,0.0077519379845
ECB_03149,118,0.0254237288136
ECB_03151,443,0.00225733634312
ECB_03152,144,0.0
ECB_03153,59,0.0338983050847
ECB_03154,167,0.0119760479042
ECB_03155,117,0.00854700854701
ECB_03156,177,0.0112994350282
ECB_03157,130,0.0
ECB_03159,179,0.0111731843575
ECB_03160,104,0.0
ECB_03161,123,0.0162601626016
ECB_03162,84,0.0119047619048
ECB_03163,63,0.015873015873
ECB_03164,136,0.0147058823529
ECB_03165,233,0.0
ECB_03166,110,0.0
ECB_03167,92,0.0108695652174
ECB_03168,273,0.00732600732601
ECB_03169,100,0.01
ECB_03170,201,0.0
ECB_03171,209,0.0191387559809
ECB_03172,103,0.0194174757282
ECB_03187,158,0.120253164557
ECB_03188,64,0.125
ECB_03191,704,0.0241477272727
ECB_03192,156,0.00641025641026
ECB_03193,124,0.00806451612903
ECB_03194,95,0.315789473684
ECB_03195,119,0.168067226891
ECB_03196,128,0.125
ECB_03197,240,0.0208333333333
ECB_03198,272,0.0882352941176
ECB_03199,72,0.0555555555556
ECB_03200,196,0.0255102040816
ECB_03201,601,0.0665557404326
ECB_03202,184,0.114130434783
ECB_03203,638,0.0736677115987
ECB_03204,356,0.193820224719
ECB_03205,72,0.180555555556
ECB_03206,289,0.0276816608997
ECB_03207,134,0.0597014925373
ECB_03208,210,0.0047619047619
ECB_03209,700,0.138571428571
ECB_03210,406,0.0862068965517
ECB_03211,187,0.149732620321
ECB_03212,200,0.135
ECB_03213,55,0.2
ECB_03214,190,0.0473684210526
ECB_03215,393,0.0966921119593
ECB_03216,847,0.0460448642267
ECB_03217,108,0.0648148148148
ECB_03218,269,0.0780669144981
ECB_03219,457,0.0962800875274
ECB_03220,56,0.214285714286
ECB_03224,281,0.715302491103
ECB_03236,334,0.0329341317365
ECB_03237,252,0.0952380952381
ECB_03238,225,0.0311111111111
ECB_03239,278,0.0791366906475
ECB_03240,436,0.220183486239
ECB_03241,362,0.0745856353591
ECB_03242,173,0.028901734104
ECB_03243,412,0.138349514563
ECB_03244,134,0.39552238806
ECB_03245,157,0.528662420382
ECB_03246,179,0.513966480447
ECB_03247,259,0.34749034749
ECB_03248,850,0.0717647058824
ECB_03250,711,0.161744022504
ECB_03251,222,0.148648648649
ECB_03252,133,0.0526315789474
ECB_03253,292,0.0719178082192
ECB_03254,575,0.438260869565
ECB_03255,540,0.0648148148148
ECB_03256,450,0.0466666666667
ECB_03257,239,0.00836820083682
ECB_03258,158,0.0696202531646
ECB_03259,776,0.0605670103093
ECB_03260,75,0.04
ECB_03261,773,0.0737386804657
ECB_03262,78,0.0897435897436
ECB_03264,256,0.203125
ECB_03265,227,0.140969162996
ECB_03266,191,0.0157068062827
ECB_03267,438,0.0251141552511
ECB_03268,694,0.152737752161
ECB_03270,901,0.0887902330744
ECB_03271,340,0.320588235294
ECB_03272,409,0.122249388753
ECB_03273,532,0.163533834586
ECB_03274,252,0.0714285714286
ECB_03275,276,0.11231884058
ECB_03276,108,0.185185185185
ECB_03277,502,0.0956175298805
ECB_03281,477,0.0566037735849
ECB_03282,438,0.0913242009132
ECB_03283,658,0.147416413374
ECB_03284,728,0.0673076923077
ECB_03285,368,0.0434782608696
ECB_03287,446,0.02466367713
ECB_03288,177,0.0508474576271
ECB_03289,331,0.0302114803625
ECB_03290,231,0.0606060606061
ECB_03291,345,0.0782608695652
ECB_03292,162,0.179012345679
ECB_03296,581,0.0895008605852
ECB_03297,146,0.36301369863
ECB_03298,247,0.133603238866
ECB_03299,356,0.11797752809
ECB_03300,281,0.085409252669
ECB_03301,295,0.064406779661
ECB_03302,438,0.0867579908676
ECB_03303,237,0.042194092827
ECB_03304,255,0.0392156862745
ECB_03305,425,0.0517647058824
ECB_03306,308,0.0194805194805
ECB_03307,369,0.0894308943089
ECB_03308,127,0.173228346457
ECB_03309,367,0.0681198910082
ECB_03310,284,0.0316901408451
ECB_03311,352,0.0738636363636
ECB_03312,222,0.045045045045
ECB_03313,499,0.168336673347
ECB_03314,198,0.146464646465
ECB_03315,89,0.123595505618
ECB_03316,123,0.20325203252
ECB_03317,208,0.0865384615385
ECB_03318,732,0.153005464481
ECB_03319,81,0.111111111111
ECB_03320,221,0.10407239819
ECB_03321,185,0.2
ECB_03323,349,0.10888252149
ECB_03324,195,0.241025641026
ECB_03330,133,0.015037593985
ECB_03335,374,0.0802139037433
ECB_03337,355,0.12676056338
ECB_03341,400,0.125
ECB_03343,111,0.045045045045
ECB_03344,144,0.00694444444444
ECB_03345,490,0.120408163265
ECB_03346,252,0.0634920634921
ECB_03347,680,0.0470588235294
ECB_03348,280,0.0714285714286
ECB_03349,450,0.0511111111111
ECB_03357,109,0.56880733945
ECB_03366,466,0.182403433476
ECB_03367,550,0.0818181818182
ECB_03368,200,0.275
ECB_03369,323,0.393188854489
ECB_03370,342,0.146198830409
ECB_03371,440,0.0636363636364
ECB_03372,691,0.0781476121563
ECB_03373,255,0.207843137255
ECB_03374,309,0.084142394822
ECB_03375,498,0.140562248996
ECB_03376,428,0.053738317757
ECB_03377,668,0.182634730539
ECB_03378,1180,0.207627118644
ECB_03379,369,0.184281842818
ECB_03380,779,0.168164313222
ECB_03381,874,0.117848970252
ECB_03383,67,0.313432835821
ECB_03384,523,0.198852772467
ECB_03385,63,0.206349206349
ECB_03386,559,0.150268336315
ECB_03390,432,0.141203703704
ECB_03391,337,0.0563798219585
ECB_03392,327,0.0489296636086
ECB_03393,300,0.06
ECB_03394,339,0.023598820059
ECB_03395,535,0.0672897196262
ECB_03396,563,0.113676731794
ECB_03397,411,0.722627737226
ECB_03398,234,0.264957264957
ECB_03399,193,0.165803108808
ECB_03400,146,0.41095890411
ECB_03402,220,0.0545454545455
ECB_03403,324,0.172839506173
ECB_03404,236,0.110169491525
ECB_03405,96,0.208333333333
ECB_03406,70,0.0
ECB_03410,689,0.0725689404935
ECB_03411,303,0.003300330033
ECB_03412,100,0.27
ECB_03413,331,0.187311178248
ECB_03416,484,0.140495867769
ECB_03417,440,0.0727272727273
ECB_03421,392,0.0790816326531
ECB_03422,274,0.0985401459854
ECB_03423,676,0.187869822485
ECB_03424,417,0.0767386091127
ECB_03425,157,0.28025477707
ECB_03426,282,0.152482269504
ECB_03427,332,0.105421686747
ECB_03428,155,0.174193548387
ECB_03429,157,0.235668789809
ECB_03430,425,0.0917647058824
ECB_03431,328,0.125
ECB_03432,498,0.142570281124
ECB_03433,220,0.0954545454545
ECB_03434,286,0.0804195804196
ECB_03435,231,0.0779220779221
ECB_03436,271,0.158671586716
ECB_03438,659,0.154779969651
ECB_03443,512,0.03515625
ECB_03445,616,0.152597402597
ECB_03446,463,0.138228941685
ECB_03447,202,0.133663366337
ECB_03454,638,0.0454545454545
ECB_03455,382,0.0680628272251
ECB_03456,196,0.0918367346939
ECB_03457,69,0.231884057971
ECB_03458,120,0.1
ECB_03459,227,0.515418502203
ECB_03460,1684,0.473277909739
ECB_03461,551,0.05444646098
ECB_03462,258,0.135658914729
ECB_03463,396,0.0580808080808
ECB_03464,157,0.0764331210191
ECB_03465,273,0.040293040293
ECB_03466,339,0.0501474926254
ECB_03467,155,0.0322580645161
ECB_03468,83,0.10843373494
ECB_03469,143,0.0629370629371
ECB_03470,514,0.0525291828794
ECB_03471,427,0.100702576112
ECB_03472,320,0.215625
ECB_03473,344,0.197674418605
ECB_03474,341,0.0234604105572
ECB_03475,398,0.0251256281407
ECB_03476,310,0.0258064516129
ECB_03477,348,0.0747126436782
ECB_03478,326,0.193251533742
ECB_03482,232,0.586206896552
ECB_03486,339,0.480825958702
ECB_03487,268,0.194029850746
ECB_03488,374,0.106951871658
ECB_03489,356,0.337078651685
ECB_03490,425,0.0352941176471
ECB_03491,159,0.0754716981132
ECB_03492,269,0.0557620817844
ECB_03493,55,0.0
ECB_03494,78,0.0384615384615
ECB_03495,222,0.184684684685
ECB_03496,406,0.0689655172414
ECB_03497,151,0.0728476821192
ECB_03498,198,0.030303030303
ECB_03499,213,0.0328638497653
ECB_03500,238,0.0336134453782
ECB_03501,287,0.0348432055749
ECB_03503,205,0.0585365853659
ECB_03504,561,0.308377896613
ECB_03505,207,0.0434782608696
ECB_03506,91,0.0
ECB_03507,703,0.0199146514936
ECB_03508,229,0.0393013100437
ECB_03509,693,0.0562770562771
ECB_03510,289,0.401384083045
ECB_03511,401,0.072319201995
ECB_03512,463,0.0496760259179
ECB_03513,569,0.202108963093
ECB_03514,772,0.116580310881
ECB_03515,460,0.0891304347826
ECB_03543,307,0.127035830619
ECB_03545,97,0.319587628866
ECB_03546,452,0.241150442478
ECB_03547,150,0.18
ECB_03550,463,0.0431965442765
ECB_03551,442,0.101809954751
ECB_03552,500,0.086
ECB_03553,196,0.0255102040816
ECB_03554,96,0.09375
ECB_03555,562,0.0800711743772
ECB_03557,394,0.0736040609137
ECB_03558,176,0.522727272727
ECB_03559,120,0.2
ECB_03560,115,0.0608695652174
ECB_03568,553,0.117540687161
ECB_03571,111,0.189189189189
ECB_03572,408,0.198529411765
ECB_03574,445,0.119101123596
ECB_03575,382,0.0759162303665
ECB_03577,292,0.178082191781
ECB_03578,229,0.0524017467249
ECB_03580,281,0.0996441281139
ECB_03582,804,0.0335820895522
ECB_03583,357,0.0504201680672
ECB_03584,366,0.0409836065574
ECB_03585,467,0.0364025695931
ECB_03587,119,0.0168067226891
ECB_03588,85,0.0
ECB_03589,548,0.0474452554745
ECB_03590,454,0.0550660792952
ECB_03594,395,0.225316455696
ECB_03595,319,0.153605015674
ECB_03596,255,0.239215686275
ECB_03597,188,0.0797872340426
ECB_03599,221,0.180995475113
ECB_03608,241,0.0539419087137
ECB_03609,257,0.0155642023346
ECB_03610,296,0.0439189189189
ECB_03611,319,0.0219435736677
ECB_03612,346,0.0722543352601
ECB_03613,609,0.00985221674877
ECB_03614,456,0.0899122807018
ECB_03615,139,0.0287769784173
ECB_03616,460,0.00434782608696
ECB_03617,287,0.0348432055749
ECB_03618,513,0.0136452241715
ECB_03619,177,0.0508474576271
ECB_03620,156,0.025641025641
ECB_03621,79,0.0
ECB_03622,271,0.0369003690037
ECB_03623,126,0.0873015873016
ECB_03625,629,0.0254372019078
ECB_03626,147,0.102040816327
ECB_03627,152,0.0263157894737
ECB_03628,330,0.0606060606061
ECB_03630,498,0.140562248996
ECB_03631,622,0.032154340836
ECB_03634,139,0.115107913669
ECB_03635,501,0.0339321357285
ECB_03636,321,0.0373831775701
ECB_03637,296,0.0236486486486
ECB_03638,309,0.116504854369
ECB_03639,332,0.105421686747
ECB_03640,475,0.138947368421
ECB_03641,234,0.153846153846
ECB_03642,279,0.132616487455
ECB_03643,112,0.0446428571429
ECB_03644,516,0.160852713178
ECB_03646,548,0.0729927007299
ECB_03647,87,0.0689655172414
ECB_03648,309,0.0258899676375
ECB_03649,616,0.0373376623377
ECB_03650,514,0.0466926070039
ECB_03651,297,0.023569023569
ECB_03652,491,0.0142566191446
ECB_03653,93,0.0645161290323
ECB_03656,674,0.0356083086053
ECB_03657,494,0.113360323887
ECB_03658,421,0.0308788598575
ECB_03659,109,0.0
ECB_03661,419,0.00715990453461
ECB_03662,367,0.125340599455
ECB_03663,348,0.0948275862069
ECB_03664,376,0.13829787234
ECB_03665,420,0.097619047619
ECB_03666,355,0.10985915493
ECB_03668,225,0.364444444444
ECB_03669,376,0.0797872340426
ECB_03670,416,0.103365384615
ECB_03671,359,0.178272980501
ECB_03672,452,0.0663716814159
ECB_03673,246,0.121951219512
ECB_03674,461,0.0498915401302
ECB_03677,399,0.0426065162907
ECB_03678,401,0.147132169576
ECB_03679,246,0.162601626016
ECB_03680,318,0.125786163522
ECB_03681,848,0.0400943396226
ECB_03682,106,0.0660377358491
ECB_03684,67,0.089552238806
ECB_03685,274,0.043795620438
ECB_03686,235,0.140425531915
ECB_03687,300,0.0933333333333
ECB_03688,238,0.126050420168
ECB_03689,720,0.0208333333333
ECB_03696,126,0.15873015873
ECB_03698,296,0.101351351351
ECB_03699,155,0.0322580645161
ECB_03700,289,0.083044982699
ECB_03701,615,0.0569105691057
ECB_03702,206,0.0970873786408
ECB_03703,206,0.111650485437
ECB_03704,340,0.188235294118
ECB_03705,266,0.101503759398
ECB_03706,299,0.0869565217391
ECB_03707,317,0.0883280757098
ECB_03708,754,0.0649867374005
ECB_03717,270,0.0962962962963
ECB_03718,254,0.0314960629921
ECB_03725,476,0.132352941176
ECB_03726,251,0.0438247011952
ECB_03727,201,0.134328358209
ECB_03728,546,0.0567765567766
ECB_03729,89,0.157303370787
ECB_03730,182,0.186813186813
ECB_03731,259,0.100386100386
ECB_03733,162,0.123456790123
ECB_03734,497,0.0503018108652
ECB_03735,233,0.0944206008584
ECB_03736,387,0.0413436692506
ECB_03737,729,0.0493827160494
ECB_03738,443,0.0451467268623
ECB_03739,204,0.0833333333333
ECB_03740,483,0.0269151138716
ECB_03741,181,0.121546961326
ECB_03742,171,0.245614035088
ECB_03743,194,0.226804123711
ECB_03744,89,0.0561797752809
ECB_03745,328,0.140243902439
ECB_03746,208,0.139423076923
ECB_03748,311,0.20578778135
ECB_03749,928,0.0614224137931
ECB_03750,210,0.104761904762
ECB_03751,171,0.157894736842
ECB_03752,457,0.074398249453
ECB_03753,469,0.0383795309168
ECB_03754,349,0.0744985673352
ECB_03755,469,0.0191897654584
ECB_03756,607,0.0362438220758
ECB_03760,230,0.113043478261
ECB_03762,468,0.108974358974
ECB_03763,678,0.129793510324
ECB_03765,413,0.0799031476998
ECB_03766,292,0.126712328767
ECB_03767,298,0.137583892617
ECB_03769,267,0.138576779026
ECB_03770,199,0.110552763819
ECB_03771,290,0.0689655172414
ECB_03772,145,0.0827586206897
ECB_03776,309,0.0582524271845
ECB_03777,211,0.0379146919431
ECB_03778,300,0.0666666666667
ECB_03780,278,0.169064748201
ECB_03781,366,0.357923497268
ECB_03786,473,0.395348837209
ECB_03787,104,0.125
ECB_03788,275,0.0909090909091
ECB_03789,421,0.0641330166271
ECB_03790,489,0.188139059305
ECB_03791,278,0.172661870504
ECB_03792,312,0.291666666667
ECB_03793,344,0.0813953488372
ECB_03794,206,0.0194174757282
ECB_03797,457,0.0284463894967
ECB_03798,232,0.0258620689655
ECB_03799,166,0.114457831325
ECB_03800,300,0.0833333333333
ECB_03801,320,0.040625
ECB_03802,329,0.0607902735562
ECB_03803,253,0.221343873518
ECB_03804,255,0.0392156862745
ECB_03805,199,0.185929648241
ECB_03806,146,0.130136986301
ECB_03809,248,0.0927419354839
ECB_03810,336,0.0625
ECB_03811,502,0.0498007968127
ECB_03812,281,0.0711743772242
ECB_03813,81,0.0740740740741
ECB_03814,161,0.0248447204969
ECB_03815,309,0.0614886731392
ECB_03816,443,0.0316027088036
ECB_03817,176,0.0170454545455
ECB_03818,327,0.174311926606
ECB_03819,341,0.129032258065
ECB_03820,732,0.094262295082
ECB_03821,70,0.171428571429
ECB_03822,220,0.35
ECB_03824,105,0.0190476190476
ECB_03825,386,0.0336787564767
ECB_03826,810,0.0617283950617
ECB_03827,296,0.0405405405405
ECB_03828,726,0.0840220385675
ECB_03830,210,0.338095238095
ECB_03831,367,0.0844686648501
ECB_03832,220,0.1
ECB_03834,359,0.066852367688
ECB_03835,106,0.0377358490566
ECB_03836,765,0.0718954248366
ECB_03837,292,0.212328767123
ECB_03838,117,0.205128205128
ECB_03839,283,0.116607773852
ECB_03840,577,0.105719237435
ECB_03841,883,0.0611551528879
ECB_03842,383,0.0704960835509
ECB_03843,334,0.0898203592814
ECB_03844,257,0.0583657587549
ECB_03845,458,0.0545851528384
ECB_03846,305,0.0426229508197
ECB_03847,466,0.0300429184549
ECB_03848,234,0.132478632479
ECB_03849,119,0.0924369747899
ECB_03850,366,0.0628415300546
ECB_03851,614,0.128664495114
ECB_03852,285,0.0912280701754
ECB_03853,342,0.178362573099
ECB_03854,321,0.0872274143302
ECB_03855,316,0.0443037974684
ECB_03857,127,0.0393700787402
ECB_03858,181,0.00552486187845
ECB_03859,142,0.0
ECB_03860,234,0.017094017094
ECB_03861,165,0.0181818181818
ECB_03862,121,0.0247933884298
ECB_03863,1342,0.0134128166915
ECB_03864,1407,0.0142146410803
ECB_03866,377,0.116710875332
ECB_03867,256,0.07421875
ECB_03868,66,0.212121212121
ECB_03869,252,0.162698412698
ECB_03870,211,0.104265402844
ECB_03871,631,0.068145800317
ECB_03872,162,0.111111111111
ECB_03873,257,0.0739299610895
ECB_03874,354,0.0367231638418
ECB_03875,223,0.067264573991
ECB_03876,196,0.0510204081633
ECB_03877,90,0.0111111111111
ECB_03878,231,0.233766233766
ECB_03879,151,0.35761589404
ECB_03880,468,0.279914529915
ECB_03881,441,0.111111111111
ECB_03882,429,0.0606060606061
ECB_03883,529,0.0510396975425
ECB_03884,147,0.204081632653
ECB_03885,309,0.0453074433657
ECB_03886,533,0.0919324577861
ECB_03887,434,0.0437788018433
ECB_03888,583,0.0840480274443
ECB_03890,274,0.0802919708029
ECB_03892,543,0.0662983425414
ECB_03893,229,0.109170305677
ECB_03894,290,0.0931034482759
ECB_03895,90,0.0777777777778
ECB_03896,449,0.0690423162584
ECB_03897,549,0.0473588342441
ECB_03899,212,0.132075471698
ECB_03900,245,0.261224489796
ECB_03902,136,0.125
ECB_03904,296,0.0641891891892
ECB_03905,514,0.0894941634241
ECB_03906,396,0.0631313131313
ECB_03907,371,0.0485175202156
ECB_03908,456,0.201754385965
ECB_03909,306,0.0947712418301
ECB_03911,165,0.133333333333
ECB_03912,290,0.0620689655172
ECB_03913,807,0.0520446096654
ECB_03914,122,0.139344262295
ECB_03915,202,0.029702970297
ECB_03916,459,0.143790849673
ECB_03917,70,0.0571428571429
ECB_03918,171,0.0701754385965
ECB_03921,345,0.107246376812
ECB_03922,80,0.175
ECB_03923,327,0.0978593272171
ECB_03924,471,0.0743099787686
ECB_03925,359,0.0863509749304
ECB_03926,397,0.11838790932
ECB_03927,237,0.118143459916
ECB_03928,138,0.210144927536
ECB_03929,118,0.0847457627119
ECB_03930,941,0.0233793836344
ECB_03931,182,0.120879120879
ECB_03932,93,0.161290322581
ECB_03934,107,0.0467289719626
ECB_03935,154,0.0519480519481
ECB_03936,449,0.022271714922
ECB_03937,549,0.0510018214936
ECB_03939,549,0.0327868852459
ECB_03940,104,0.125
ECB_03941,652,0.0475460122699
ECB_03942,478,0.100418410042
ECB_03944,223,0.0896860986547
ECB_03945,318,0.141509433962
ECB_03946,740,0.421621621622
ECB_03948,206,0.334951456311
ECB_03949,437,0.0663615560641
ECB_03950,229,0.113537117904
ECB_03978,147,0.176870748299
ECB_03979,111,0.036036036036
ECB_03982,500,0.048
ECB_03983,363,0.162534435262
ECB_03984,222,0.0945945945946
ECB_03985,547,0.171846435101
ECB_03986,445,0.0606741573034
ECB_03987,253,0.201581027668
ECB_03988,756,0.0687830687831
ECB_03989,310,0.148387096774
ECB_03990,451,0.0532150776053
ECB_03991,476,0.15756302521
ECB_03994,446,0.0224215246637
ECB_03995,239,0.112970711297
ECB_04001,488,0.198770491803
ECB_04003,444,0.103603603604
ECB_04004,518,0.413127413127
ECB_04005,191,0.115183246073
ECB_04006,568,0.130281690141
ECB_04007,115,0.104347826087
ECB_04008,433,0.0531177829099
ECB_04009,478,0.0292887029289
ECB_04010,158,0.0886075949367
ECB_04011,418,0.296650717703
ECB_04012,97,0.0927835051546
ECB_04013,548,0.0109489051095
ECB_04014,123,0.162601626016
ECB_04015,289,0.42214532872
ECB_04016,342,0.116959064327
ECB_04017,188,0.0106382978723
ECB_04020,105,0.152380952381
ECB_04021,178,0.112359550562
ECB_04023,119,0.0756302521008
ECB_04024,131,0.106870229008
ECB_04025,244,0.0409836065574
ECB_04026,602,0.0531561461794
ECB_04027,325,0.0738461538462
ECB_04028,500,0.126
ECB_04029,1108,0.108303249097
ECB_04030,322,0.0714285714286
ECB_04031,350,0.0457142857143
ECB_04032,181,0.0552486187845
ECB_04034,515,0.184466019417
ECB_04035,153,0.0718954248366
ECB_04036,445,0.175280898876
ECB_04037,622,0.14308681672
ECB_04038,316,0.0696202531646
ECB_04039,102,0.0588235294118
ECB_04040,426,0.0281690140845
ECB_04041,419,0.0644391408115
ECB_04042,334,0.0419161676647
ECB_04043,65,0.123076923077
ECB_04044,432,0.00462962962963
ECB_04045,141,0.0567375886525
ECB_04046,813,0.0418204182042
ECB_04047,243,0.0246913580247
ECB_04048,134,0.365671641791
ECB_04049,232,0.116379310345
ECB_04050,219,0.200913242009
ECB_04051,132,0.0984848484848
ECB_04052,212,0.311320754717
ECB_04053,387,0.103359173127
ECB_04054,541,0.146025878004
ECB_04055,106,0.311320754717
ECB_04056,109,0.211009174312
ECB_04057,249,0.289156626506
ECB_04058,251,0.0318725099602
ECB_04059,354,0.0310734463277
ECB_04061,101,0.00990099009901
ECB_04062,154,0.0584415584416
ECB_04063,216,0.0138888888889
ECB_04064,284,0.0492957746479
ECB_04065,228,0.0877192982456
ECB_04066,91,0.285714285714
ECB_04067,131,0.0152671755725
ECB_04068,104,0.0192307692308
ECB_04069,75,0.0133333333333
ECB_04070,149,0.0469798657718
ECB_04071,436,0.474770642202
ECB_04078,212,0.146226415094
ECB_04079,206,0.0485436893204
ECB_04080,470,0.0468085106383
ECB_04081,220,0.109090909091
ECB_04082,324,0.191358024691
ECB_04083,286,0.216783216783
ECB_04084,128,0.15625
ECB_04085,647,0.0958268933539
ECB_04086,246,0.109756097561
ECB_04087,185,0.140540540541
ECB_04089,447,0.082774049217
ECB_04090,212,0.108490566038
ECB_04091,577,0.0970537261698
ECB_04092,1259,0.138204924543
ECB_04095,176,0.0568181818182
ECB_04100,332,0.0240963855422
ECB_04101,459,0.041394335512
ECB_04102,183,0.0491803278689
ECB_04103,450,0.0466666666667
ECB_04105,154,0.0714285714286
ECB_04106,712,0.0337078651685
ECB_04107,551,0.156079854809
ECB_04109,315,0.114285714286
ECB_04111,128,0.0625
ECB_04112,153,0.0588235294118
ECB_04113,311,0.048231511254
ECB_04115,131,0.18320610687
ECB_04116,237,0.189873417722
ECB_04117,197,0.456852791878
ECB_04118,150,0.186666666667
ECB_04120,334,0.0988023952096
ECB_04121,138,0.0797101449275
ECB_04122,167,0.209580838323
ECB_04123,402,0.567164179104
ECB_04124,951,0.0399579390116
ECB_04126,503,0.0198807157058
ECB_04127,366,0.0491803278689
ECB_04128,360,0.0277777777778
ECB_04130,332,0.10843373494
ECB_04131,439,0.0569476082005
ECB_04132,254,0.0787401574803
ECB_04133,343,0.172011661808
ECB_04134,187,0.192513368984
ECB_04135,339,0.0855457227139
ECB_04141,426,0.453051643192
ECB_04142,373,0.386058981233
ECB_04165,263,0.121673003802
ECB_04166,210,0.342857142857
ECB_04167,145,0.296551724138
ECB_04168,268,0.0708955223881
ECB_04169,437,0.0503432494279
ECB_04170,93,0.0752688172043
ECB_04171,373,0.155495978552
ECB_04174,85,0.117647058824
ECB_04177,387,0.604651162791
ECB_04191,394,0.0812182741117
ECB_04192,490,0.214285714286
ECB_04193,257,0.105058365759
ECB_04195,134,0.619402985075
ECB_04196,303,0.184818481848
ECB_04197,390,0.189743589744
ECB_04198,153,0.0392156862745
ECB_04201,394,0.296954314721
ECB_04205,426,0.107981220657
ECB_04206,413,0.150121065375
ECB_04213,113,0.247787610619
ECB_04214,497,0.585513078471
ECB_04215,529,0.0567107750473
ECB_04216,1170,0.0888888888889
ECB_04217,304,0.223684210526
ECB_04218,318,0.0880503144654
ECB_04219,67,0.0597014925373
ECB_04221,170,0.152941176471
ECB_04222,520,0.0461538461538
ECB_04223,298,0.137583892617
ECB_04224,458,0.122270742358
ECB_04225,263,0.125475285171
ECB_04226,267,0.0449438202247
ECB_04227,126,0.134920634921
ECB_04228,283,0.0600706713781
ECB_04229,488,0.0184426229508
ECB_04230,429,0.172494172494
ECB_04231,148,0.256756756757
ECB_04232,553,0.130198915009
ECB_04236,763,0.0786369593709
ECB_04237,164,0.323170731707
ECB_04238,245,0.0612244897959
ECB_04239,179,0.184357541899
ECB_04240,157,0.382165605096
ECB_04241,303,0.23102310231
ECB_04242,245,0.34693877551
ECB_04243,207,0.386473429952
ECB_04244,262,0.267175572519
ECB_04245,78,0.346153846154
ECB_04246,343,0.0932944606414
ECB_04247,145,0.255172413793
ECB_04248,148,0.135135135135
ECB_04250,529,0.0321361058601
ECB_04251,205,0.107317073171
ECB_04253,357,0.140056022409
ECB_04254,259,0.235521235521
ECB_04255,287,0.184668989547
ECB_04256,516,0.100775193798
ECB_04257,265,0.0603773584906
ECB_04258,440,0.0454545454545
ECB_04259,407,0.0663390663391
ECB_04260,239,0.0292887029289
ECB_04262,338,0.0739644970414
ECB_04263,214,0.0981308411215
ECB_04264,322,0.0652173913043
ECB_04265,460,0.0195652173913
ECB_04267,555,0.027027027027
ECB_04268,645,0.0961240310078
ECB_04269,108,0.166666666667
ECB_04270,173,0.127167630058
ECB_04271,215,0.0837209302326
ECB_04272,289,0.0726643598616
ECB_04273,157,0.108280254777
ECB_04274,229,0.157205240175
ECB_04275,474,0.200421940928
ECB_04277,238,0.00840336134454
ECB_04279,228,0.175438596491
